doc.value,author.value,author_name.value,coauthors.value
https://data.archives-ouvertes.fr/document/hal-00310411v1,https://data.archives-ouvertes.fr/author/46480,Enrico Formenti,Alberto Dennunzio&https://data.archives-ouvertes.fr/author/335930
https://data.archives-ouvertes.fr/document/hal-01218459v1,https://data.archives-ouvertes.fr/author/46480,Enrico Formenti,Bruno Martin&https://data.archives-ouvertes.fr/author/bruno-martin--Jean-Baptiste Yunès&https://data.archives-ouvertes.fr/author/jean-baptiste-yunes--Katsunobu Imai&https://data.archives-ouvertes.fr/author/344096
https://data.archives-ouvertes.fr/document/hal-00310402v1,https://data.archives-ouvertes.fr/author/46480,Enrico Formenti,Jarkko Kari&https://data.archives-ouvertes.fr/author/jarkko-kari--Siamak Taati&https://data.archives-ouvertes.fr/author/302427
https://data.archives-ouvertes.fr/document/hal-00311074v1,https://data.archives-ouvertes.fr/author/46480,Enrico Formenti,Benoît Masson&https://data.archives-ouvertes.fr/author/46481--Theophilos Pisokas&https://data.archives-ouvertes.fr/author/109941
https://data.archives-ouvertes.fr/document/hal-00273932v1,https://data.archives-ouvertes.fr/author/46480,Enrico Formenti,Alberto Dennunzio&https://data.archives-ouvertes.fr/author/292700--Luciano Margara&https://data.archives-ouvertes.fr/author/302417--Pietro Di Lena&https://data.archives-ouvertes.fr/author/302416
https://data.archives-ouvertes.fr/document/hal-01311512v1,https://data.archives-ouvertes.fr/author/46480,Enrico Formenti,Jarkko Kari&https://data.archives-ouvertes.fr/author/jarkko-kari--Siamak Taati&https://data.archives-ouvertes.fr/author/1312394
https://data.archives-ouvertes.fr/document/hal-00310526v1,https://data.archives-ouvertes.fr/author/46480,Enrico Formenti,Julien Cervelle&https://data.archives-ouvertes.fr/author/julien-cervelle--Pierre Guillon&https://data.archives-ouvertes.fr/author/pguillon
https://data.archives-ouvertes.fr/document/hal-01217125v1,https://data.archives-ouvertes.fr/author/46480,Enrico Formenti,Bruno Martin&https://data.archives-ouvertes.fr/author/bruno-martin--Eric Goles&https://data.archives-ouvertes.fr/author/553515
https://data.archives-ouvertes.fr/document/hal-00310850v1,https://data.archives-ouvertes.fr/author/46480,Enrico Formenti,Petr Kurka&https://data.archives-ouvertes.fr/author/336372
https://data.archives-ouvertes.fr/document/hal-01183309v1,https://data.archives-ouvertes.fr/author/46480,Enrico Formenti,Bruno Durand&https://data.archives-ouvertes.fr/author/156942--Georges Varouchas&https://data.archives-ouvertes.fr/author/1195352
https://data.archives-ouvertes.fr/document/hal-00003208v1,https://data.archives-ouvertes.fr/author/46480,Enrico Formenti,Benoît Masson&https://data.archives-ouvertes.fr/author/46481--Julien Cervelle&https://data.archives-ouvertes.fr/author/julien-cervelle
https://data.archives-ouvertes.fr/document/hal-01242315v1,https://data.archives-ouvertes.fr/author/46480,Enrico Formenti,Petr Kurka&https://data.archives-ouvertes.fr/author/338811--Zahradník Ondřej&https://data.archives-ouvertes.fr/author/1259882
https://data.archives-ouvertes.fr/document/hal-01196143v1,https://data.archives-ouvertes.fr/author/46480,Enrico Formenti,Alberto Dennunzio&https://data.archives-ouvertes.fr/author/292700--Petr Kůrka&https://data.archives-ouvertes.fr/author/1211205
https://data.archives-ouvertes.fr/document/hal-00918586v1,https://data.archives-ouvertes.fr/author/46480,Enrico Formenti,Alberto Dennunzio&https://data.archives-ouvertes.fr/author/292700--Nazim A. Fatès&https://data.archives-ouvertes.fr/author/nazim-fates
https://data.archives-ouvertes.fr/document/hal-00135811v1,https://data.archives-ouvertes.fr/author/46480,Enrico Formenti,Julien Cervelle&https://data.archives-ouvertes.fr/author/julien-cervelle--Pierre Guillon&https://data.archives-ouvertes.fr/author/pguillon
https://data.archives-ouvertes.fr/document/hal-01183308v1,https://data.archives-ouvertes.fr/author/46480,Enrico Formenti,Aristide Grange&https://data.archives-ouvertes.fr/author/1195350--Bruno Durand&https://data.archives-ouvertes.fr/author/156942--Zsuzsanna Roka&https://data.archives-ouvertes.fr/author/zsuzsanna-roka
https://data.archives-ouvertes.fr/document/hal-01738330v1,https://data.archives-ouvertes.fr/author/46480,Enrico Formenti,Manuel Clergue&https://data.archives-ouvertes.fr/author/manuel-clergue--Sébastien Verel&https://data.archives-ouvertes.fr/author/sebastien-verel
https://data.archives-ouvertes.fr/document/hal-00310905v1,https://data.archives-ouvertes.fr/author/46480,Enrico Formenti,Benoît Masson&https://data.archives-ouvertes.fr/author/46481--Julien Cervelle&https://data.archives-ouvertes.fr/author/julien-cervelle
https://data.archives-ouvertes.fr/document/hal-01311308v1,https://data.archives-ouvertes.fr/author/46480,Enrico Formenti,Alioune Ngom&https://data.archives-ouvertes.fr/author/1334279--Jin-Kao Hao&https://data.archives-ouvertes.fr/author/828476--Twan van Laarhoven&https://data.archives-ouvertes.fr/author/1334281--Zhao Xing-Ming&https://data.archives-ouvertes.fr/author/1334280
https://data.archives-ouvertes.fr/document/hal-00311968v1,https://data.archives-ouvertes.fr/author/46480,Enrico Formenti,Petr Kurka&https://data.archives-ouvertes.fr/author/338811
https://data.archives-ouvertes.fr/document/hal-00003535v1,https://data.archives-ouvertes.fr/author/46480,Enrico Formenti,Benoît Masson&https://data.archives-ouvertes.fr/author/46481
https://data.archives-ouvertes.fr/document/hal-01297584v1,https://data.archives-ouvertes.fr/author/46480,Enrico Formenti,Alberto Dennunzio&https://data.archives-ouvertes.fr/author/292700--Julien Provillard&https://data.archives-ouvertes.fr/author/julien-provillard
https://data.archives-ouvertes.fr/document/hal-01297574v1,https://data.archives-ouvertes.fr/author/46480,Enrico Formenti,Alberto Dennunzio&https://data.archives-ouvertes.fr/author/292700--Julien Provillard&https://data.archives-ouvertes.fr/author/julien-provillard
https://data.archives-ouvertes.fr/document/hal-01311356v1,https://data.archives-ouvertes.fr/author/46480,Enrico Formenti,Alberto Dennunzio&https://data.archives-ouvertes.fr/author/639536--Jérôme Chandesris&https://data.archives-ouvertes.fr/author/1333455--Luca Manzoni&https://data.archives-ouvertes.fr/author/1334225
https://data.archives-ouvertes.fr/document/hal-00083034v1,https://data.archives-ouvertes.fr/author/46480,Enrico Formenti,Benoît Masson&https://data.archives-ouvertes.fr/author/46481--Theophilos Pisokas&https://data.archives-ouvertes.fr/author/109941
https://data.archives-ouvertes.fr/document/hal-01242438v1,https://data.archives-ouvertes.fr/author/46480,Enrico Formenti,Gilles Bernot&https://data.archives-ouvertes.fr/author/368823--Jean-Paul Comet&https://data.archives-ouvertes.fr/author/jean-paulcomet--Siamak Taati&https://data.archives-ouvertes.fr/author/302427
https://data.archives-ouvertes.fr/document/hal-00310523v1,https://data.archives-ouvertes.fr/author/46480,Enrico Formenti,Alberto Dennunzio&https://data.archives-ouvertes.fr/author/292700--Luigi Acerbi&https://data.archives-ouvertes.fr/author/336024
https://data.archives-ouvertes.fr/document/hal-01297566v1,https://data.archives-ouvertes.fr/author/46480,Enrico Formenti,Alberto Dennunzio&https://data.archives-ouvertes.fr/author/1319810--Gianpiero Cattaneo&https://data.archives-ouvertes.fr/author/1319809--Julien Provillard&https://data.archives-ouvertes.fr/author/julien-provillard
https://data.archives-ouvertes.fr/document/hal-00686571v1,https://data.archives-ouvertes.fr/author/46480,Enrico Formenti,Bruno Martin&https://data.archives-ouvertes.fr/author/129716--Jean-Baptiste Yunès&https://data.archives-ouvertes.fr/author/jean-baptiste-yunes--Katsunobu Imai&https://data.archives-ouvertes.fr/author/344096
https://data.archives-ouvertes.fr/document/hal-00311074v1,https://data.archives-ouvertes.fr/author/46481,Benoît Masson,Enrico Formenti&https://data.archives-ouvertes.fr/author/enrico-formenti--Theophilos Pisokas&https://data.archives-ouvertes.fr/author/109941
https://data.archives-ouvertes.fr/document/hal-00003208v1,https://data.archives-ouvertes.fr/author/46481,Benoît Masson,Enrico Formenti&https://data.archives-ouvertes.fr/author/enrico-formenti--Julien Cervelle&https://data.archives-ouvertes.fr/author/julien-cervelle
https://data.archives-ouvertes.fr/document/hal-00310905v1,https://data.archives-ouvertes.fr/author/46481,Benoît Masson,Enrico Formenti&https://data.archives-ouvertes.fr/author/enrico-formenti--Julien Cervelle&https://data.archives-ouvertes.fr/author/julien-cervelle
https://data.archives-ouvertes.fr/document/hal-00003535v1,https://data.archives-ouvertes.fr/author/46481,Benoît Masson,Enrico Formenti&https://data.archives-ouvertes.fr/author/enrico-formenti
https://data.archives-ouvertes.fr/document/hal-00083034v1,https://data.archives-ouvertes.fr/author/46481,Benoît Masson,Enrico Formenti&https://data.archives-ouvertes.fr/author/enrico-formenti--Theophilos Pisokas&https://data.archives-ouvertes.fr/author/109941
https://data.archives-ouvertes.fr/document/hal-01612451v1,https://data.archives-ouvertes.fr/author/1217461,Catherine Faron Zucker,Franck Michel&https://data.archives-ouvertes.fr/author/fmichel--Olivier Gargominy&https://data.archives-ouvertes.fr/author/1689511--Sandrine Tercerie&https://data.archives-ouvertes.fr/author/1613472
https://data.archives-ouvertes.fr/document/hal-01245883v2,https://data.archives-ouvertes.fr/author/1217461,Catherine Faron Zucker,Franck Michel&https://data.archives-ouvertes.fr/author/fmichel--Johan Montagnat&https://data.archives-ouvertes.fr/author/johan-montagnat
https://data.archives-ouvertes.fr/document/hal-01531219v1,https://data.archives-ouvertes.fr/author/1217461,Catherine Faron Zucker,Olivier Corby&https://data.archives-ouvertes.fr/author/oliviercorby--Rose Dieng-Kuntz&https://data.archives-ouvertes.fr/author/98115
https://data.archives-ouvertes.fr/document/hal-02348004v1,https://data.archives-ouvertes.fr/author/1217461,Catherine Faron Zucker,Andrea G. B. Tettamanzi&https://data.archives-ouvertes.fr/author/andrea-g-b-tettamanzi--Molka Tounsi Dhouib&https://data.archives-ouvertes.fr/author/molka-tounsi-dhouib
https://data.archives-ouvertes.fr/document/hal-01245883v4,https://data.archives-ouvertes.fr/author/1217461,Catherine Faron Zucker,Franck Michel&https://data.archives-ouvertes.fr/author/fmichel--Johan Montagnat&https://data.archives-ouvertes.fr/author/johan-montagnat
https://data.archives-ouvertes.fr/document/hal-01619781v1,https://data.archives-ouvertes.fr/author/1217461,Catherine Faron Zucker,Cristhian Figueroa&https://data.archives-ouvertes.fr/author/1396616--Iacopo Vagliano&https://data.archives-ouvertes.fr/author/1656131--Juan Carlos Corrales&https://data.archives-ouvertes.fr/author/353626--Marco Torchiano&https://data.archives-ouvertes.fr/author/1396618--Maurizio Morisio&https://data.archives-ouvertes.fr/author/1396619--Oscar Rodríguez Rocha&https://data.archives-ouvertes.fr/author/oscarrodriguez
https://data.archives-ouvertes.fr/document/hal-01870950v1,https://data.archives-ouvertes.fr/author/1217461,Catherine Faron Zucker,Fabien Gandon&https://data.archives-ouvertes.fr/author/fabien-gandon--Géraud Fokou Pelap&https://data.archives-ouvertes.fr/author/geraud-fokou-pelap
https://data.archives-ouvertes.fr/document/hal-01529743v1,https://data.archives-ouvertes.fr/author/1217461,Catherine Faron Zucker,Olivier Corby&https://data.archives-ouvertes.fr/author/1549025
https://data.archives-ouvertes.fr/document/hal-01235843v1,https://data.archives-ouvertes.fr/author/1217461,Catherine Faron Zucker,Franck Michel&https://data.archives-ouvertes.fr/author/fmichel--Johan Montagnat&https://data.archives-ouvertes.fr/author/johan-montagnat--Loïc Djimenou&https://data.archives-ouvertes.fr/author/1253721
https://data.archives-ouvertes.fr/document/hal-01619838v1,https://data.archives-ouvertes.fr/author/1217461,Catherine Faron Zucker,Géraud Fokou Pelap&https://data.archives-ouvertes.fr/author/1656424--Oscar Rodríguez Rocha&https://data.archives-ouvertes.fr/author/oscarrodriguez
https://data.archives-ouvertes.fr/document/hal-00746772v1,https://data.archives-ouvertes.fr/author/1217461,Catherine Faron Zucker,Alban Gaignard&https://data.archives-ouvertes.fr/author/alban-gaignard--Johan Montagnat&https://data.archives-ouvertes.fr/author/johan-montagnat--Olivier Corby&https://data.archives-ouvertes.fr/author/oliviercorby
https://data.archives-ouvertes.fr/document/hal-01302948v1,https://data.archives-ouvertes.fr/author/1217461,Catherine Faron Zucker,Anne-Marie Déry-Pinna&https://data.archives-ouvertes.fr/author/1063908--Audrey Occello&https://data.archives-ouvertes.fr/author/audrey-occello--Christian Brel&https://data.archives-ouvertes.fr/author/605015--Michel Riveill&https://data.archives-ouvertes.fr/author/michel-riveill--Philippe Renevier&https://data.archives-ouvertes.fr/author/philippe-renevier-gonin
https://data.archives-ouvertes.fr/document/hal-01379996v1,https://data.archives-ouvertes.fr/author/1217461,Catherine Faron Zucker,Cristhian Figueroa&https://data.archives-ouvertes.fr/author/1396616--Iacopo Vagliano&https://data.archives-ouvertes.fr/author/1396615--Marco Torchiano&https://data.archives-ouvertes.fr/author/1396618--Maurizio Morisio&https://data.archives-ouvertes.fr/author/1396619--Oscar Rodríguez Rocha&https://data.archives-ouvertes.fr/author/oscarrodriguez
https://data.archives-ouvertes.fr/document/hal-01758737v1,https://data.archives-ouvertes.fr/author/1217461,Catherine Faron Zucker,Oscar Rodríguez Rocha&https://data.archives-ouvertes.fr/author/oscarrodriguez
https://data.archives-ouvertes.fr/document/hal-01066663v2,https://data.archives-ouvertes.fr/author/1217461,Catherine Faron Zucker,Franck Michel&https://data.archives-ouvertes.fr/author/fmichel--Johan Montagnat&https://data.archives-ouvertes.fr/author/johan-montagnat--Loïc Djimenou&https://data.archives-ouvertes.fr/author/1076439
https://data.archives-ouvertes.fr/document/hal-01239773v1,https://data.archives-ouvertes.fr/author/1217461,Catherine Faron Zucker,Antoine Zimmermann&https://data.archives-ouvertes.fr/author/1243984--Christophe Guéret&https://data.archives-ouvertes.fr/author/175676--Fabien Gandon&https://data.archives-ouvertes.fr/author/fabien-gandon--John Breslin&https://data.archives-ouvertes.fr/author/1257460--Serena Villata&https://data.archives-ouvertes.fr/author/serena-villata
https://data.archives-ouvertes.fr/document/hal-01589250v1,https://data.archives-ouvertes.fr/author/1217461,Catherine Faron Zucker,Alain Giboin&https://data.archives-ouvertes.fr/author/alain-giboin--Elena Cabrio&https://data.archives-ouvertes.fr/author/1184174--Francesco Piccoli&https://data.archives-ouvertes.fr/author/1617918--Gabriel Meseguer-Brocal&https://data.archives-ouvertes.fr/author/1617353--Geoffroy Peeters&https://data.archives-ouvertes.fr/author/geoffroy-peeters--Guillaume Pellerin&https://data.archives-ouvertes.fr/author/1617354--Isabelle Mirbel&https://data.archives-ouvertes.fr/author/1151526--Manuel Moussallam&https://data.archives-ouvertes.fr/author/722150--Michel Buffa&https://data.archives-ouvertes.fr/author/1535818--Romain Hennequin&https://data.archives-ouvertes.fr/author/1617356--Thomas Fillon&https://data.archives-ouvertes.fr/author/1617359
https://data.archives-ouvertes.fr/document/hal-02064421v1,https://data.archives-ouvertes.fr/author/1217461,Catherine Faron Zucker,David Darmon&https://data.archives-ouvertes.fr/author/david-darmon--Fabien Gandon&https://data.archives-ouvertes.fr/author/fabien-gandon--Raphaël Gazzotti&https://data.archives-ouvertes.fr/author/rgazzott--Virginie Lacroix-Hugues&https://data.archives-ouvertes.fr/author/1472363
https://data.archives-ouvertes.fr/document/hal-01188202v1,https://data.archives-ouvertes.fr/author/1217461,Catherine Faron Zucker,Oscar Rodríguez Rocha&https://data.archives-ouvertes.fr/author/oscarrodriguez
https://data.archives-ouvertes.fr/document/hal-01066663v4,https://data.archives-ouvertes.fr/author/1217461,Catherine Faron Zucker,Franck Michel&https://data.archives-ouvertes.fr/author/fmichel--Johan Montagnat&https://data.archives-ouvertes.fr/author/johan-montagnat--Loïc Djimenou&https://data.archives-ouvertes.fr/author/1076439
https://data.archives-ouvertes.fr/document/hal-02571170v1,https://data.archives-ouvertes.fr/author/1217461,Catherine Faron Zucker,Alain Giboin&https://data.archives-ouvertes.fr/author/alain-giboin--Aurélie Lagarrigue&https://data.archives-ouvertes.fr/author/1249747--Oscar Rodríguez Rocha&https://data.archives-ouvertes.fr/author/oscarrodriguez
https://data.archives-ouvertes.fr/document/hal-01402901v1,https://data.archives-ouvertes.fr/author/1217461,Catherine Faron Zucker,Fabien Gandon&https://data.archives-ouvertes.fr/author/fabien-gandon--Olivier Corby&https://data.archives-ouvertes.fr/author/oliviercorby
https://data.archives-ouvertes.fr/document/hal-02389918v1,https://data.archives-ouvertes.fr/author/1217461,Catherine Faron Zucker,David Darmon&https://data.archives-ouvertes.fr/author/david-darmon--Fabien Gandon&https://data.archives-ouvertes.fr/author/fabien-gandon--Raphaël Gazzotti&https://data.archives-ouvertes.fr/author/rgazzott--Virginie Lacroix-Hugues&https://data.archives-ouvertes.fr/author/1472363
https://data.archives-ouvertes.fr/document/hal-01155644v1,https://data.archives-ouvertes.fr/author/1217461,Catherine Faron Zucker,Olivier Corby&https://data.archives-ouvertes.fr/author/oliviercorby
https://data.archives-ouvertes.fr/document/hal-01075944v1,https://data.archives-ouvertes.fr/author/1217461,Catherine Faron Zucker,Fabien Gandon&https://data.archives-ouvertes.fr/author/fabien-gandon--Ge Song&https://data.archives-ouvertes.fr/author/956637--Zide Meng&https://data.archives-ouvertes.fr/author/1088782
https://data.archives-ouvertes.fr/document/hal-01337308v1,https://data.archives-ouvertes.fr/author/1217461,Catherine Faron Zucker,Franck Michel&https://data.archives-ouvertes.fr/author/fmichel--Johan Montagnat&https://data.archives-ouvertes.fr/author/johan-montagnat--Loïc Djimenou&https://data.archives-ouvertes.fr/author/1253721
https://data.archives-ouvertes.fr/document/hal-01202126v1,https://data.archives-ouvertes.fr/author/1217461,Catherine Faron Zucker,Michel Buffa&https://data.archives-ouvertes.fr/author/1535818
https://data.archives-ouvertes.fr/document/hal-01559088v1,https://data.archives-ouvertes.fr/author/1217461,Catherine Faron Zucker,Olivier Corby&https://data.archives-ouvertes.fr/author/oliviercorby--Raphaël Gazzotti&https://data.archives-ouvertes.fr/author/rgazzott
https://data.archives-ouvertes.fr/document/hal-01186048v1,https://data.archives-ouvertes.fr/author/1217461,Catherine Faron Zucker,Olivier Corby&https://data.archives-ouvertes.fr/author/oliviercorby
https://data.archives-ouvertes.fr/document/hal-01186047v1,https://data.archives-ouvertes.fr/author/1217461,Catherine Faron Zucker,Fabien Gandon&https://data.archives-ouvertes.fr/author/fabien-gandon--Olivier Corby&https://data.archives-ouvertes.fr/author/oliviercorby
https://data.archives-ouvertes.fr/document/hal-01084444v1,https://data.archives-ouvertes.fr/author/1217461,Catherine Faron Zucker,Andrea G. B. Tettamanzi&https://data.archives-ouvertes.fr/author/andrea-g-b-tettamanzi--Fabien Gandon&https://data.archives-ouvertes.fr/author/fabien-gandon
https://data.archives-ouvertes.fr/document/hal-01066663v5,https://data.archives-ouvertes.fr/author/1217461,Catherine Faron Zucker,Franck Michel&https://data.archives-ouvertes.fr/author/fmichel--Johan Montagnat&https://data.archives-ouvertes.fr/author/johan-montagnat--Loïc Djimenou&https://data.archives-ouvertes.fr/author/1076439
https://data.archives-ouvertes.fr/document/hal-01839575v1,https://data.archives-ouvertes.fr/author/1217461,Catherine Faron Zucker,Andrea G. B. Tettamanzi&https://data.archives-ouvertes.fr/author/andrea-g-b-tettamanzi--Molka Tounsi Dhouib&https://data.archives-ouvertes.fr/author/molka-tounsi-dhouib
https://data.archives-ouvertes.fr/document/hal-01187413v1,https://data.archives-ouvertes.fr/author/1217461,Catherine Faron Zucker,Amine Hallili&https://data.archives-ouvertes.fr/author/1198246--Andrea G. B. Tettamanzi&https://data.archives-ouvertes.fr/author/andrea-g-b-tettamanzi--Elena Cabrio&https://data.archives-ouvertes.fr/author/1089405--Fabien Gandon&https://data.archives-ouvertes.fr/author/fabien-gandon
https://data.archives-ouvertes.fr/document/hal-02058664v1,https://data.archives-ouvertes.fr/author/1217461,Catherine Faron Zucker,Andrea G. B. Tettamanzi&https://data.archives-ouvertes.fr/author/andrea-g-b-tettamanzi--Elena Cabrio&https://data.archives-ouvertes.fr/author/1184174--Fabien Gandon&https://data.archives-ouvertes.fr/author/fabien-gandon--Franck Michel&https://data.archives-ouvertes.fr/author/fmichel--Michel Buffa&https://data.archives-ouvertes.fr/author/1535818--Olivier Corby&https://data.archives-ouvertes.fr/author/oliviercorby--Serena Villata&https://data.archives-ouvertes.fr/author/serena-villata
https://data.archives-ouvertes.fr/document/hal-01450784v1,https://data.archives-ouvertes.fr/author/1217461,Catherine Faron Zucker,Alain Zarli&https://data.archives-ouvertes.fr/author/115625--Anastasiya Yurchyshyna&https://data.archives-ouvertes.fr/author/432664--Nhan Le Thanh&https://data.archives-ouvertes.fr/author/1100037
https://data.archives-ouvertes.fr/document/hal-01322950v1,https://data.archives-ouvertes.fr/author/1217461,Catherine Faron Zucker,Andrea G. B. Tettamanzi&https://data.archives-ouvertes.fr/author/andrea-g-b-tettamanzi--Irene Pajón Leyra&https://data.archives-ouvertes.fr/author/1344575--Konstantina Poulida&https://data.archives-ouvertes.fr/author/1343502
https://data.archives-ouvertes.fr/document/hal-01160070v1,https://data.archives-ouvertes.fr/author/1217461,Catherine Faron Zucker,Alexandre Monnin&https://data.archives-ouvertes.fr/author/alexandre-monnin--Arnaud Zucker&https://data.archives-ouvertes.fr/author/482588--Isabelle Draelants&https://data.archives-ouvertes.fr/author/isabelle-draelants
https://data.archives-ouvertes.fr/document/hal-01066663v3,https://data.archives-ouvertes.fr/author/1217461,Catherine Faron Zucker,Franck Michel&https://data.archives-ouvertes.fr/author/fmichel--Johan Montagnat&https://data.archives-ouvertes.fr/author/johan-montagnat--Loïc Djimenou&https://data.archives-ouvertes.fr/author/1076439
https://data.archives-ouvertes.fr/document/hal-01293968v1,https://data.archives-ouvertes.fr/author/1217461,Catherine Faron Zucker,Fabien Gandon&https://data.archives-ouvertes.fr/author/fabien-gandon--Zide Meng&https://data.archives-ouvertes.fr/author/1316852
https://data.archives-ouvertes.fr/document/hal-01146259v1,https://data.archives-ouvertes.fr/author/1217461,Catherine Faron Zucker,Adorjan Kiss&https://data.archives-ouvertes.fr/author/1161283--Agostino Poggi&https://data.archives-ouvertes.fr/author/1161286--Alain Giboin&https://data.archives-ouvertes.fr/author/alain-giboin--Alexandre Delteil&https://data.archives-ouvertes.fr/author/128925--Bruno Fies&https://data.archives-ouvertes.fr/author/747432--Emmanuelle Loyson&https://data.archives-ouvertes.fr/author/1161284--Fabien Gandon&https://data.archives-ouvertes.fr/author/fabien-gandon--Giovanni Rimassa&https://data.archives-ouvertes.fr/author/1161287--Hervé Karp&https://data.archives-ouvertes.fr/author/1161282--Joachim Hackstein&https://data.archives-ouvertes.fr/author/1161281--Joël Quinqueton&https://data.archives-ouvertes.fr/author/169911--Laurent Berthelot&https://data.archives-ouvertes.fr/author/1161280--Marc Bourdeau&https://data.archives-ouvertes.fr/author/1137521--Olivier Corby&https://data.archives-ouvertes.fr/author/oliviercorby--Paola Turci&https://data.archives-ouvertes.fr/author/1161288--Philippe Perez&https://data.archives-ouvertes.fr/author/1161285--Rose Dieng-Kuntz&https://data.archives-ouvertes.fr/author/98115
https://data.archives-ouvertes.fr/document/hal-01187400v1,https://data.archives-ouvertes.fr/author/1217461,Catherine Faron Zucker,Fabien Gandon&https://data.archives-ouvertes.fr/author/fabien-gandon--Zide Meng&https://data.archives-ouvertes.fr/author/1088782
https://data.archives-ouvertes.fr/document/hal-02064421v2,https://data.archives-ouvertes.fr/author/1217461,Catherine Faron Zucker,David Darmon&https://data.archives-ouvertes.fr/author/david-darmon--Fabien Gandon&https://data.archives-ouvertes.fr/author/fabien-gandon--Raphaël Gazzotti&https://data.archives-ouvertes.fr/author/rgazzott--Virginie Lacroix-Hugues&https://data.archives-ouvertes.fr/author/1472363
https://data.archives-ouvertes.fr/document/hal-01856365v1,https://data.archives-ouvertes.fr/author/1217461,Catherine Faron Zucker,Fabien Gandon&https://data.archives-ouvertes.fr/author/fabien-gandon--Franck Michel&https://data.archives-ouvertes.fr/author/fmichel
https://data.archives-ouvertes.fr/document/hal-01958480v1,https://data.archives-ouvertes.fr/author/1217461,Catherine Faron Zucker,Cédric Lopez&https://data.archives-ouvertes.fr/author/740780--Elena Cabrio&https://data.archives-ouvertes.fr/author/1184174--Fabien Gandon&https://data.archives-ouvertes.fr/author/fabien-gandon--Frédérique Segond&https://data.archives-ouvertes.fr/author/frederique-segond--Molka Tounsi Dhouib&https://data.archives-ouvertes.fr/author/molka-tounsi-dhouib
https://data.archives-ouvertes.fr/document/hal-01302337v1,https://data.archives-ouvertes.fr/author/1217461,Catherine Faron Zucker,Anne-Marie Dery-Pinna&https://data.archives-ouvertes.fr/author/783218--Christian Brel&https://data.archives-ouvertes.fr/author/605015--Michel Riveill&https://data.archives-ouvertes.fr/author/michel-riveill--Philippe Renevier&https://data.archives-ouvertes.fr/author/philippe-renevier-gonin
https://data.archives-ouvertes.fr/document/hal-01337082v1,https://data.archives-ouvertes.fr/author/1217461,Catherine Faron Zucker,Franck Michel&https://data.archives-ouvertes.fr/author/fmichel--Johan Montagnat&https://data.archives-ouvertes.fr/author/johan-montagnat
https://data.archives-ouvertes.fr/document/hal-00380309v1,https://data.archives-ouvertes.fr/author/1217461,Catherine Faron Zucker,Isabelle Mirbel&https://data.archives-ouvertes.fr/author/946519--Olivier Corby&https://data.archives-ouvertes.fr/author/oliviercorby
https://data.archives-ouvertes.fr/document/hal-01822455v1,https://data.archives-ouvertes.fr/author/1217461,Catherine Faron Zucker,Hacène Cherfi&https://data.archives-ouvertes.fr/author/11227153--Khaled Khelif&https://data.archives-ouvertes.fr/author/158547--Olivier Corby&https://data.archives-ouvertes.fr/author/oliviercorby
https://data.archives-ouvertes.fr/document/hal-01947589v1,https://data.archives-ouvertes.fr/author/1217461,Catherine Faron Zucker,Fabien Gandon&https://data.archives-ouvertes.fr/author/fabien-gandon--Franck Michel&https://data.archives-ouvertes.fr/author/fmichel--Olivier Gargominy&https://data.archives-ouvertes.fr/author/1689511
https://data.archives-ouvertes.fr/document/hal-00813675v2,https://data.archives-ouvertes.fr/author/1217461,Catherine Faron Zucker,Anne-Marie Pinna-Déry&https://data.archives-ouvertes.fr/author/471426--Annie Authosserre-Cavarero&https://data.archives-ouvertes.fr/author/733564--Cyril Faucher&https://data.archives-ouvertes.fr/author/742619--Frédéric Bertrand&https://data.archives-ouvertes.fr/author/frederic-bertrand-l3i--Hubert Dubois&https://data.archives-ouvertes.fr/author/493265--Jean-Yves Lafaye&https://data.archives-ouvertes.fr/author/710405--Johan Montagnat&https://data.archives-ouvertes.fr/author/johan-montagnat--Mireille Blay-Fornarino&https://data.archives-ouvertes.fr/author/mireille-blay-fornarino--Olivier Le Goaer&https://data.archives-ouvertes.fr/author/olivier-le-goaer--Philippe Collet&https://data.archives-ouvertes.fr/author/633387--Philippe Lahire&https://data.archives-ouvertes.fr/author/philippe-lahire--Sophie Dupuy-Chessa&https://data.archives-ouvertes.fr/author/sophie-dupuy-chessa--Stéphane Ducasse&https://data.archives-ouvertes.fr/author/stephane-ducasse
https://data.archives-ouvertes.fr/document/hal-01185091v1,https://data.archives-ouvertes.fr/author/1217461,Catherine Faron Zucker,Alain Zarli&https://data.archives-ouvertes.fr/author/115625--Bruno Fies&https://data.archives-ouvertes.fr/author/1197397--Khalil Riad Bouzidi&https://data.archives-ouvertes.fr/author/996433--Nhan Le Thanh&https://data.archives-ouvertes.fr/author/1100037
https://data.archives-ouvertes.fr/document/hal-01926379v1,https://data.archives-ouvertes.fr/author/1217461,Catherine Faron Zucker,Franck Michel&https://data.archives-ouvertes.fr/author/fmichel--Johan Montagnat&https://data.archives-ouvertes.fr/author/johan-montagnat
https://data.archives-ouvertes.fr/document/hal-01171123v1,https://data.archives-ouvertes.fr/author/1217461,Catherine Faron Zucker,Fabien Gandon&https://data.archives-ouvertes.fr/author/fabien-gandon--Olivier Corby&https://data.archives-ouvertes.fr/author/oliviercorby
https://data.archives-ouvertes.fr/document/hal-00707536v1,https://data.archives-ouvertes.fr/author/1217461,Catherine Faron Zucker,Anne-Marie Pinna-Dery&https://data.archives-ouvertes.fr/author/512713--Annie Authosserre-Cavarero&https://data.archives-ouvertes.fr/author/733564--Cyril Faucher&https://data.archives-ouvertes.fr/author/109872--Frederic Bertrand&https://data.archives-ouvertes.fr/author/353292--Hubert Dubois&https://data.archives-ouvertes.fr/author/429903--Jean-Yves Lafaye&https://data.archives-ouvertes.fr/author/109870--Johan Montagnat&https://data.archives-ouvertes.fr/author/johan-montagnat--Mireille Blay-Fornarino&https://data.archives-ouvertes.fr/author/mireille-blay-fornarino--Olivier Le Goaer&https://data.archives-ouvertes.fr/author/olivier-le-goaer--Philippe Collet&https://data.archives-ouvertes.fr/author/132247--Philippe Lahire&https://data.archives-ouvertes.fr/author/philippe-lahire--Sophie Dupuy-Chessa&https://data.archives-ouvertes.fr/author/sophie-dupuy-chessa--Stéphane Ducasse&https://data.archives-ouvertes.fr/author/stephane-ducasse
https://data.archives-ouvertes.fr/document/hal-01015267v1,https://data.archives-ouvertes.fr/author/1217461,Catherine Faron Zucker,Olivier Corby&https://data.archives-ouvertes.fr/author/oliviercorby
https://data.archives-ouvertes.fr/document/hal-01236947v1,https://data.archives-ouvertes.fr/author/1217461,Catherine Faron Zucker,Olivier Corby&https://data.archives-ouvertes.fr/author/oliviercorby
https://data.archives-ouvertes.fr/document/hal-01089635v1,https://data.archives-ouvertes.fr/author/1217461,Catherine Faron Zucker,Arnaud Zucker&https://data.archives-ouvertes.fr/author/482588--Catherine Jacquemard&https://data.archives-ouvertes.fr/author/catherine-jacquemard--Isabelle Draelants&https://data.archives-ouvertes.fr/author/isabelle-draelants--Molka Tounsi Dhouib&https://data.archives-ouvertes.fr/author/molka-tounsi-dhouib--Olivier Corby&https://data.archives-ouvertes.fr/author/oliviercorby--Pierre-Yves Buard&https://data.archives-ouvertes.fr/author/1118244
https://data.archives-ouvertes.fr/document/hal-00005722v1,https://data.archives-ouvertes.fr/author/1217461,Catherine Faron Zucker,Alain Giboin&https://data.archives-ouvertes.fr/author/alain-giboin--Jean-Paul Stromboni&https://data.archives-ouvertes.fr/author/53799--Sylvain Dehors&https://data.archives-ouvertes.fr/author/53796
https://data.archives-ouvertes.fr/document/hal-02168164v1,https://data.archives-ouvertes.fr/author/1217461,Catherine Faron Zucker,Antonia Ettorre&https://data.archives-ouvertes.fr/author/11521589--Franck Michel&https://data.archives-ouvertes.fr/author/fmichel--Olivier Gargominy&https://data.archives-ouvertes.fr/author/1419616--Sandrine Tercerie&https://data.archives-ouvertes.fr/author/1419617
https://data.archives-ouvertes.fr/document/hal-01531157v1,https://data.archives-ouvertes.fr/author/1217461,Catherine Faron Zucker,Olivier Corby&https://data.archives-ouvertes.fr/author/oliviercorby
https://data.archives-ouvertes.fr/document/inria-00070387v1,https://data.archives-ouvertes.fr/author/1217461,Catherine Faron Zucker,Fabien Gandon&https://data.archives-ouvertes.fr/author/fabien-gandon--Olivier Corby&https://data.archives-ouvertes.fr/author/oliviercorby--Rose Dieng-Kuntz&https://data.archives-ouvertes.fr/author/98115
https://data.archives-ouvertes.fr/document/hal-01688798v1,https://data.archives-ouvertes.fr/author/1217461,Catherine Faron Zucker,Oscar Rodríguez Rocha&https://data.archives-ouvertes.fr/author/oscarrodriguez
https://data.archives-ouvertes.fr/document/hal-01400924v1,https://data.archives-ouvertes.fr/author/1217461,Catherine Faron Zucker,Hatim Aouzal&https://data.archives-ouvertes.fr/author/1419153--Michel Buffa&https://data.archives-ouvertes.fr/author/1535818--Thierry Bergeron&https://data.archives-ouvertes.fr/author/1419152
https://data.archives-ouvertes.fr/document/hal-01811490v1,https://data.archives-ouvertes.fr/author/1217461,Catherine Faron Zucker,Alain Giboin&https://data.archives-ouvertes.fr/author/alain-giboin--Oscar Rodríguez Rocha&https://data.archives-ouvertes.fr/author/oscarrodriguez
https://data.archives-ouvertes.fr/document/hal-01589162v1,https://data.archives-ouvertes.fr/author/1217461,Catherine Faron Zucker,Fabien Gandon&https://data.archives-ouvertes.fr/author/fabien-gandon--Olivier Corby&https://data.archives-ouvertes.fr/author/oliviercorby
https://data.archives-ouvertes.fr/document/hal-00813675v1,https://data.archives-ouvertes.fr/author/1217461,Catherine Faron Zucker,Anne-Marie Pinna-Déry&https://data.archives-ouvertes.fr/author/471426--Annie Authosserre-Cavarero&https://data.archives-ouvertes.fr/author/733564--Cyril Faucher&https://data.archives-ouvertes.fr/author/742619--Frédéric Bertrand&https://data.archives-ouvertes.fr/author/frederic-bertrand-l3i--Hubert Dubois&https://data.archives-ouvertes.fr/author/493265--Jean-Yves Lafaye&https://data.archives-ouvertes.fr/author/710405--Johan Montagnat&https://data.archives-ouvertes.fr/author/johan-montagnat--Mireille Blay-Fornarino&https://data.archives-ouvertes.fr/author/mireille-blay-fornarino--Olivier Le Goaer&https://data.archives-ouvertes.fr/author/olivier-le-goaer--Philippe Collet&https://data.archives-ouvertes.fr/author/633387--Philippe Lahire&https://data.archives-ouvertes.fr/author/philippe-lahire--Sophie Dupuy-Chessa&https://data.archives-ouvertes.fr/author/sophie-dupuy-chessa--Stéphane Ducasse&https://data.archives-ouvertes.fr/author/stephane-ducasse
https://data.archives-ouvertes.fr/document/inria-00467984v1,https://data.archives-ouvertes.fr/author/1217461,Catherine Faron Zucker,Olivier Corby&https://data.archives-ouvertes.fr/author/oliviercorby
https://data.archives-ouvertes.fr/document/hal-01570108v1,https://data.archives-ouvertes.fr/author/1217461,Catherine Faron Zucker,Cédric Lopez&https://data.archives-ouvertes.fr/author/1078332--Elena Cabrio&https://data.archives-ouvertes.fr/author/1089405--Fabien Gandon&https://data.archives-ouvertes.fr/author/fabien-gandon--Frédérique Segond&https://data.archives-ouvertes.fr/author/frederique-segond--Molka Tounsi Dhouib&https://data.archives-ouvertes.fr/author/molka-tounsi-dhouib
https://data.archives-ouvertes.fr/document/hal-01187445v1,https://data.archives-ouvertes.fr/author/1217461,Catherine Faron Zucker,Fabien Gandon&https://data.archives-ouvertes.fr/author/fabien-gandon--Ge Song&https://data.archives-ouvertes.fr/author/1110320--Zide Meng&https://data.archives-ouvertes.fr/author/1200238
https://data.archives-ouvertes.fr/document/hal-00790338v1,https://data.archives-ouvertes.fr/author/1217461,Catherine Faron Zucker,Bruno Fies&https://data.archives-ouvertes.fr/author/747432--Khalil Riad Bouzidi&https://data.archives-ouvertes.fr/author/996433--Nhan Le Thanh&https://data.archives-ouvertes.fr/author/1100037
https://data.archives-ouvertes.fr/document/hal-00819258v1,https://data.archives-ouvertes.fr/author/1217461,Catherine Faron Zucker,Christophe Desclaux&https://data.archives-ouvertes.fr/author/845608--Mireille Blay-Fornarino&https://data.archives-ouvertes.fr/author/mireille-blay-fornarino--Simon Urli&https://data.archives-ouvertes.fr/author/781140
https://data.archives-ouvertes.fr/document/hal-01335652v1,https://data.archives-ouvertes.fr/author/1217461,Catherine Faron Zucker,Arnaud Zucker&https://data.archives-ouvertes.fr/author/482588--Irene Pajón Leyra&https://data.archives-ouvertes.fr/author/1344575
https://data.archives-ouvertes.fr/document/hal-00790330v1,https://data.archives-ouvertes.fr/author/1217461,Catherine Faron Zucker,Bruno Fies&https://data.archives-ouvertes.fr/author/747432--Khalil Riad Bouzidi&https://data.archives-ouvertes.fr/author/996433--Marc Bourdeau&https://data.archives-ouvertes.fr/author/819156--Nhan Le Thanh&https://data.archives-ouvertes.fr/author/1100037
https://data.archives-ouvertes.fr/document/hal-02058664v2,https://data.archives-ouvertes.fr/author/1217461,Catherine Faron Zucker,Andrea G. B. Tettamanzi&https://data.archives-ouvertes.fr/author/andrea-g-b-tettamanzi--Elena Cabrio&https://data.archives-ouvertes.fr/author/1184174--Fabien Gandon&https://data.archives-ouvertes.fr/author/fabien-gandon--Franck Michel&https://data.archives-ouvertes.fr/author/fmichel--Michel Buffa&https://data.archives-ouvertes.fr/author/1535818--Olivier Corby&https://data.archives-ouvertes.fr/author/oliviercorby--Serena Villata&https://data.archives-ouvertes.fr/author/serena-villata
https://data.archives-ouvertes.fr/document/hal-02915414v1,https://data.archives-ouvertes.fr/author/1217461,Catherine Faron Zucker,&https://data.archives-ouvertes.fr/author/12020054--Antonia Ettorre&https://data.archives-ouvertes.fr/author/11521589--Fabien Gandon&https://data.archives-ouvertes.fr/author/fabien-gandon--Franck Michel&https://data.archives-ouvertes.fr/author/fmichel
https://data.archives-ouvertes.fr/document/hal-00790333v1,https://data.archives-ouvertes.fr/author/1217461,Catherine Faron Zucker,Bruno Fies&https://data.archives-ouvertes.fr/author/747432--Khalil Riad Bouzidi&https://data.archives-ouvertes.fr/author/996433--Nhan Le Thanh&https://data.archives-ouvertes.fr/author/1100037--Olivier Corby&https://data.archives-ouvertes.fr/author/oliviercorby
https://data.archives-ouvertes.fr/document/hal-00685022v1,https://data.archives-ouvertes.fr/author/1217461,Catherine Faron Zucker,Olivier Corby&https://data.archives-ouvertes.fr/author/oliviercorby--Oumy Seye&https://data.archives-ouvertes.fr/author/710378
https://data.archives-ouvertes.fr/document/hal-01722792v1,https://data.archives-ouvertes.fr/author/1217461,Catherine Faron Zucker,Fabien Gandon&https://data.archives-ouvertes.fr/author/fabien-gandon--Franck Michel&https://data.archives-ouvertes.fr/author/fmichel
https://data.archives-ouvertes.fr/document/hal-01967630v1,https://data.archives-ouvertes.fr/author/1217461,Catherine Faron Zucker,Fabien Gandon&https://data.archives-ouvertes.fr/author/fabien-gandon--Géraud Fokou Pelap&https://data.archives-ouvertes.fr/author/1656424
https://data.archives-ouvertes.fr/document/hal-03066167v1,https://data.archives-ouvertes.fr/author/1217461,Catherine Faron Zucker,&https://data.archives-ouvertes.fr/author/12155875--&https://data.archives-ouvertes.fr/author/12155876--Cédric Lauradoux&https://data.archives-ouvertes.fr/author/664300--Franck Ramus&https://data.archives-ouvertes.fr/author/franck-ramus--Marie-Christine Rousset&https://data.archives-ouvertes.fr/author/960059
https://data.archives-ouvertes.fr/document/hal-01086351v1,https://data.archives-ouvertes.fr/author/1217461,Catherine Faron Zucker,Amine Hallili&https://data.archives-ouvertes.fr/author/1100150--Elena Cabrio&https://data.archives-ouvertes.fr/author/1100151
https://data.archives-ouvertes.fr/document/hal-01520115v1,https://data.archives-ouvertes.fr/author/1217461,Catherine Faron Zucker,Fabien Gandon&https://data.archives-ouvertes.fr/author/fabien-gandon--Zide Meng&https://data.archives-ouvertes.fr/author/1200238
https://data.archives-ouvertes.fr/document/hal-00903568v2,https://data.archives-ouvertes.fr/author/1217461,Catherine Faron Zucker,Franck Michel&https://data.archives-ouvertes.fr/author/fmichel--Johan Montagnat&https://data.archives-ouvertes.fr/author/johan-montagnat
https://data.archives-ouvertes.fr/document/hal-02157559v1,https://data.archives-ouvertes.fr/author/1217461,Catherine Faron Zucker,Alain Giboin&https://data.archives-ouvertes.fr/author/alain-giboin--David Darmon&https://data.archives-ouvertes.fr/author/david-darmon--Elisa Noual&https://data.archives-ouvertes.fr/author/11512811--Fabien Gandon&https://data.archives-ouvertes.fr/author/fabien-gandon--Raphaël Gazzotti&https://data.archives-ouvertes.fr/author/rgazzott--Virginie Lacroix-Hugues&https://data.archives-ouvertes.fr/author/1472363
https://data.archives-ouvertes.fr/document/hal-01531172v1,https://data.archives-ouvertes.fr/author/1217461,Catherine Faron Zucker,Olivier Corby&https://data.archives-ouvertes.fr/author/oliviercorby
https://data.archives-ouvertes.fr/document/hal-02936146v1,https://data.archives-ouvertes.fr/author/1217461,Catherine Faron Zucker,Catherine Faron Zucker&https://data.archives-ouvertes.fr/author/catherine-faron-zucker--Cédric Lopez&https://data.archives-ouvertes.fr/author/1078332--Elena Cabrio&https://data.archives-ouvertes.fr/author/1089405--Fabien Gandon&https://data.archives-ouvertes.fr/author/fabien-gandon--Frédérique Segond&https://data.archives-ouvertes.fr/author/frederique-segond--Molka Tounsi Dhouib&https://data.archives-ouvertes.fr/author/molka-tounsi-dhouib
https://data.archives-ouvertes.fr/document/hal-01150215v1,https://data.archives-ouvertes.fr/author/1217461,Catherine Faron Zucker,Fabien Gandon&https://data.archives-ouvertes.fr/author/fabien-gandon--Olivier Corby&https://data.archives-ouvertes.fr/author/oliviercorby--Rose Dieng-Kuntz&https://data.archives-ouvertes.fr/author/98115
https://data.archives-ouvertes.fr/document/hal-01948604v1,https://data.archives-ouvertes.fr/author/1217461,Catherine Faron Zucker,&https://data.archives-ouvertes.fr/author/12198092--Chiara Ghidini&https://data.archives-ouvertes.fr/author/798862--Yannick Toussaint&https://data.archives-ouvertes.fr/author/11344735
https://data.archives-ouvertes.fr/document/hal-01330124v1,https://data.archives-ouvertes.fr/author/1217461,Catherine Faron Zucker,Olivier Corby&https://data.archives-ouvertes.fr/author/oliviercorby
https://data.archives-ouvertes.fr/document/hal-01948599v1,https://data.archives-ouvertes.fr/author/1217461,Catherine Faron Zucker,Rinke Hoekstra&https://data.archives-ouvertes.fr/author/11344732--Tassilo Pellegrini&https://data.archives-ouvertes.fr/author/11344733--Victor de Boer&https://data.archives-ouvertes.fr/author/11212239
https://data.archives-ouvertes.fr/document/hal-01201744v1,https://data.archives-ouvertes.fr/author/1217461,Catherine Faron Zucker,Hassina Seridi&https://data.archives-ouvertes.fr/author/406490--Samia Beldjoudi&https://data.archives-ouvertes.fr/author/1217460
https://data.archives-ouvertes.fr/document/hal-01187393v1,https://data.archives-ouvertes.fr/author/1217461,Catherine Faron Zucker,Fabien Gandon&https://data.archives-ouvertes.fr/author/fabien-gandon--Olivier Corby&https://data.archives-ouvertes.fr/author/oliviercorby
https://data.archives-ouvertes.fr/document/hal-01015281v1,https://data.archives-ouvertes.fr/author/1217461,Catherine Faron Zucker,Alban Gaignard&https://data.archives-ouvertes.fr/author/alban-gaignard--Olivier Corby&https://data.archives-ouvertes.fr/author/oliviercorby--Oumy Seye&https://data.archives-ouvertes.fr/author/1045734
https://data.archives-ouvertes.fr/document/hal-01330146v1,https://data.archives-ouvertes.fr/author/1217461,Catherine Faron Zucker,Franck Michel&https://data.archives-ouvertes.fr/author/fmichel--Johan Montagnat&https://data.archives-ouvertes.fr/author/johan-montagnat
https://data.archives-ouvertes.fr/document/hal-01822512v1,https://data.archives-ouvertes.fr/author/1217461,Catherine Faron Zucker,Olivier Corby&https://data.archives-ouvertes.fr/author/oliviercorby
https://data.archives-ouvertes.fr/document/hal-01401357v1,https://data.archives-ouvertes.fr/author/1217461,Catherine Faron Zucker,Chloé Martin&https://data.archives-ouvertes.fr/author/chloe-martin--Cécile Callou&https://data.archives-ouvertes.fr/author/cecile-callou--Franck Michel&https://data.archives-ouvertes.fr/author/fmichel--Frédéric Vest&https://data.archives-ouvertes.fr/author/1419618--Johan Montagnat&https://data.archives-ouvertes.fr/author/johan-montagnat--Olivier Gargominy&https://data.archives-ouvertes.fr/author/1419616--Sandrine Tercerie&https://data.archives-ouvertes.fr/author/1419617
https://data.archives-ouvertes.fr/document/hal-01187384v1,https://data.archives-ouvertes.fr/author/1217461,Catherine Faron Zucker,Andrea G. B. Tettamanzi&https://data.archives-ouvertes.fr/author/andrea-g-b-tettamanzi--Fabien Gandon&https://data.archives-ouvertes.fr/author/fabien-gandon
https://data.archives-ouvertes.fr/document/lirmm-00389753v2,https://data.archives-ouvertes.fr/author/1217461,Catherine Faron Zucker,Alain Giboin&https://data.archives-ouvertes.fr/author/alain-giboin--Alain Gutierrez&https://data.archives-ouvertes.fr/author/alain-gutierrez--Fabien Gandon&https://data.archives-ouvertes.fr/author/fabien-gandon--Jean-François Baget&https://data.archives-ouvertes.fr/author/jfbaget--Marie-Laure Mugnier&https://data.archives-ouvertes.fr/author/marie-laure-mugnier--Michel Leclère&https://data.archives-ouvertes.fr/author/michel-leclere--Olivier Corby&https://data.archives-ouvertes.fr/author/oliviercorby--Rallou Thomopoulos&https://data.archives-ouvertes.fr/author/rallou--Rose Dieng-Kuntz&https://data.archives-ouvertes.fr/author/98115
https://data.archives-ouvertes.fr/document/hal-01349382v1,https://data.archives-ouvertes.fr/author/1217461,Catherine Faron Zucker,Olivier Corby&https://data.archives-ouvertes.fr/author/oliviercorby--Raphaël Gazzotti&https://data.archives-ouvertes.fr/author/rgazzott
https://data.archives-ouvertes.fr/document/hal-01089063v1,https://data.archives-ouvertes.fr/author/53799,Jean-Paul Stromboni,Marc Berthod&https://data.archives-ouvertes.fr/author/97626--Shan Yu&https://data.archives-ouvertes.fr/author/shan-yu
https://data.archives-ouvertes.fr/document/inria-00074954v1,https://data.archives-ouvertes.fr/author/53799,Jean-Paul Stromboni,Josiane Zerubia&https://data.archives-ouvertes.fr/author/97606--Marc Berthod&https://data.archives-ouvertes.fr/author/97626--Zoltan Kato&https://data.archives-ouvertes.fr/author/101415
https://data.archives-ouvertes.fr/document/hal-00005722v1,https://data.archives-ouvertes.fr/author/53799,Jean-Paul Stromboni,Alain Giboin&https://data.archives-ouvertes.fr/author/alain-giboin--Catherine Faron Zucker&https://data.archives-ouvertes.fr/author/catherine-faron-zucker--Sylvain Dehors&https://data.archives-ouvertes.fr/author/53796
https://data.archives-ouvertes.fr/document/hal-00089393v1,https://data.archives-ouvertes.fr/author/70165,Karim Ben Chehida,Christian Gamrat&https://data.archives-ouvertes.fr/author/117804--Gogniat Guy&https://data.archives-ouvertes.fr/author/guy-gogniat--Jean Luc Philippe&https://data.archives-ouvertes.fr/author/117802--Jean-Philippe Diguet&https://data.archives-ouvertes.fr/author/jean-philippe-diguet--Michel Auguin&https://data.archives-ouvertes.fr/author/117805--Philippe Kajfasz&https://data.archives-ouvertes.fr/author/104467--Sébastien Bilavarn&https://data.archives-ouvertes.fr/author/sebastien-bilavarn--Xavier Fornari&https://data.archives-ouvertes.fr/author/117806--Yannick Le Moullec&https://data.archives-ouvertes.fr/author/111337
https://data.archives-ouvertes.fr/document/hal-00106323v1,https://data.archives-ouvertes.fr/author/70165,Karim Ben Chehida,Christian Gamrat&https://data.archives-ouvertes.fr/author/117804--Gogniat Guy&https://data.archives-ouvertes.fr/author/guy-gogniat--Jean-Philippe Diguet&https://data.archives-ouvertes.fr/author/jean-philippe-diguet--Michel Auguin&https://data.archives-ouvertes.fr/author/117805--Philippe Kajfasz&https://data.archives-ouvertes.fr/author/104467--Xavier Fornari&https://data.archives-ouvertes.fr/author/117806--Yannick Le Moullec&https://data.archives-ouvertes.fr/author/111337
https://data.archives-ouvertes.fr/document/hal-00490707v1,https://data.archives-ouvertes.fr/author/70165,Karim Ben Chehida,Anne-Marie Déplanche&https://data.archives-ouvertes.fr/author/anne-marie-deplanche--Anne-Marie Fouillart&https://data.archives-ouvertes.fr/author/499464--Cécile Belleudy&https://data.archives-ouvertes.fr/author/499462--Farat Thabet&https://data.archives-ouvertes.fr/author/499460--Florian Broekaert&https://data.archives-ouvertes.fr/author/499463--M.K. Bhatti&https://data.archives-ouvertes.fr/author/499461--Michel Auguin&https://data.archives-ouvertes.fr/author/117805--Raphaël David&https://data.archives-ouvertes.fr/author/499459--Richard Urunuela&https://data.archives-ouvertes.fr/author/46806--Vincent Seignole&https://data.archives-ouvertes.fr/author/959270--Yvon Trinquet&https://data.archives-ouvertes.fr/author/460406
https://data.archives-ouvertes.fr/document/hal-02428664v1,https://data.archives-ouvertes.fr/author/70165,Karim Ben Chehida,Benoit Miramond&https://data.archives-ouvertes.fr/author/benoitmiramond--Dinh-Khanh Ho&https://data.archives-ouvertes.fr/author/11120766--Michel Auguin&https://data.archives-ouvertes.fr/author/1586717
https://data.archives-ouvertes.fr/document/hal-00868237v1,https://data.archives-ouvertes.fr/author/861122,Alexandre Goldsztejn,Carme Torras&https://data.archives-ouvertes.fr/author/861201--Christophe Jermann&https://data.archives-ouvertes.fr/author/christophe-jermann--Vicente Ruiz de Angulo&https://data.archives-ouvertes.fr/author/861200
https://data.archives-ouvertes.fr/document/hal-00411330v1,https://data.archives-ouvertes.fr/author/861122,Alexandre Goldsztejn,Arnold Neumaier&https://data.archives-ouvertes.fr/author/1063789
https://data.archives-ouvertes.fr/document/hal-00518507v1,https://data.archives-ouvertes.fr/author/861122,Alexandre Goldsztejn,&https://data.archives-ouvertes.fr/author/12304153
https://data.archives-ouvertes.fr/document/hal-00297250v1,https://data.archives-ouvertes.fr/author/861122,Alexandre Goldsztejn,Claude Michel&https://data.archives-ouvertes.fr/author/52301--Michel Rueher&https://data.archives-ouvertes.fr/author/michel-rueher
https://data.archives-ouvertes.fr/document/hal-00431183v1,https://data.archives-ouvertes.fr/author/861122,Alexandre Goldsztejn,Collins Pieter&https://data.archives-ouvertes.fr/author/446326
https://data.archives-ouvertes.fr/document/hal-01587979v1,https://data.archives-ouvertes.fr/author/861122,Alexandre Goldsztejn,Sébastien Briot&https://data.archives-ouvertes.fr/author/sebastien-briot
https://data.archives-ouvertes.fr/document/hal-02415459v1,https://data.archives-ouvertes.fr/author/861122,Alexandre Goldsztejn,Antoine Marendet&https://data.archives-ouvertes.fr/author/11703348--Christophe Jermann&https://data.archives-ouvertes.fr/author/christophe-jermann--Gilles Chabert&https://data.archives-ouvertes.fr/author/gilles-chabert
https://data.archives-ouvertes.fr/document/hal-00835210v1,https://data.archives-ouvertes.fr/author/861122,Alexandre Goldsztejn,Christophe Jermann&https://data.archives-ouvertes.fr/author/christophe-jermann--Daisuke Ishii&https://data.archives-ouvertes.fr/author/491169--Damien Chablat&https://data.archives-ouvertes.fr/author/damien-chablat--Stéphane Caro&https://data.archives-ouvertes.fr/author/stephane-caro
https://data.archives-ouvertes.fr/document/hal-00481068v1,https://data.archives-ouvertes.fr/author/861122,Alexandre Goldsztejn,Frédéric Benhamou&https://data.archives-ouvertes.fr/author/457398--Jean-Marie Normand&https://data.archives-ouvertes.fr/author/jean-marie-normand--Marc Christie&https://data.archives-ouvertes.fr/author/112930
https://data.archives-ouvertes.fr/document/hal-02488309v1,https://data.archives-ouvertes.fr/author/861122,Alexandre Goldsztejn,Daisuke Ishii&https://data.archives-ouvertes.fr/author/491169--Naoki Yonezaki&https://data.archives-ouvertes.fr/author/1502289
https://data.archives-ouvertes.fr/document/hal-01238717v1,https://data.archives-ouvertes.fr/author/861122,Alexandre Goldsztejn,&https://data.archives-ouvertes.fr/author/12046510--Gilles Chabert&https://data.archives-ouvertes.fr/author/gilles-chabert
https://data.archives-ouvertes.fr/document/hal-00971348v1,https://data.archives-ouvertes.fr/author/861122,Alexandre Goldsztejn,Christophe Jermann&https://data.archives-ouvertes.fr/author/christophe-jermann--Daisuke Ishii&https://data.archives-ouvertes.fr/author/491169--Damien Chablat&https://data.archives-ouvertes.fr/author/damien-chablat--Stéphane Caro&https://data.archives-ouvertes.fr/author/stephane-caro
https://data.archives-ouvertes.fr/document/hal-01408600v1,https://data.archives-ouvertes.fr/author/861122,Alexandre Goldsztejn,Christophe Jermann&https://data.archives-ouvertes.fr/author/christophe-jermann--D. Ishii&https://data.archives-ouvertes.fr/author/1427298
https://data.archives-ouvertes.fr/document/hal-02491783v1,https://data.archives-ouvertes.fr/author/861122,Alexandre Goldsztejn,Guillaume Jeanneau&https://data.archives-ouvertes.fr/author/11764543--Sébastien Briot&https://data.archives-ouvertes.fr/author/sebastien-briot--Vincent Begoc&https://data.archives-ouvertes.fr/author/vincent-begoc
https://data.archives-ouvertes.fr/document/hal-00431129v1,https://data.archives-ouvertes.fr/author/861122,Alexandre Goldsztejn,Michel Claude&https://data.archives-ouvertes.fr/author/446279--Michel Rueher&https://data.archives-ouvertes.fr/author/michel-rueher
https://data.archives-ouvertes.fr/document/hal-00481180v1,https://data.archives-ouvertes.fr/author/861122,Alexandre Goldsztejn,Frédéric Benhamou&https://data.archives-ouvertes.fr/author/457398--Jean-Marie Normand&https://data.archives-ouvertes.fr/author/jean-marie-normand--Marc Christie&https://data.archives-ouvertes.fr/author/405171
https://data.archives-ouvertes.fr/document/hal-02956402v1,https://data.archives-ouvertes.fr/author/861122,Alexandre Goldsztejn,&https://data.archives-ouvertes.fr/author/12058066--&https://data.archives-ouvertes.fr/author/12304153--Bertrand Neveu&https://data.archives-ouvertes.fr/author/52256--Gilles Chabert&https://data.archives-ouvertes.fr/author/gilles-chabert--Gilles Trombettoni&https://data.archives-ouvertes.fr/author/gilles-trombettoni--Luc Jaulin&https://data.archives-ouvertes.fr/author/11783035--Simon Rohou&https://data.archives-ouvertes.fr/author/simon-rohou--Victor Reyes&https://data.archives-ouvertes.fr/author/11793778
https://data.archives-ouvertes.fr/document/hal-01435808v1,https://data.archives-ouvertes.fr/author/861122,Alexandre Goldsztejn,Adrien Koessler&https://data.archives-ouvertes.fr/author/11170547--Nicolas Bouton&https://data.archives-ouvertes.fr/author/nicolas-bouton--Sébastien Briot&https://data.archives-ouvertes.fr/author/sebastien-briot
https://data.archives-ouvertes.fr/document/hal-00878729v1,https://data.archives-ouvertes.fr/author/861122,Alexandre Goldsztejn,Benjamin Martin&https://data.archives-ouvertes.fr/author/434475--Christophe Jermann&https://data.archives-ouvertes.fr/author/christophe-jermann--Laurent Granvilliers&https://data.archives-ouvertes.fr/author/laurent-granvilliers
https://data.archives-ouvertes.fr/document/hal-00481284v1,https://data.archives-ouvertes.fr/author/861122,Alexandre Goldsztejn,Gilles Chabert&https://data.archives-ouvertes.fr/author/gilles-chabert
https://data.archives-ouvertes.fr/document/hal-00481290v1,https://data.archives-ouvertes.fr/author/861122,Alexandre Goldsztejn,Gilles Chabert&https://data.archives-ouvertes.fr/author/gilles-chabert
https://data.archives-ouvertes.fr/document/hal-01408601v1,https://data.archives-ouvertes.fr/author/861122,Alexandre Goldsztejn,Christophe Jermann&https://data.archives-ouvertes.fr/author/christophe-jermann--D. Ishii&https://data.archives-ouvertes.fr/author/1427298
https://data.archives-ouvertes.fr/document/hal-00481169v1,https://data.archives-ouvertes.fr/author/861122,Alexandre Goldsztejn,Daisuke Ishii&https://data.archives-ouvertes.fr/author/491169--Hiroshi Hosobe&https://data.archives-ouvertes.fr/author/437187--Kazunori Ueda&https://data.archives-ouvertes.fr/author/491170
https://data.archives-ouvertes.fr/document/hal-00481202v1,https://data.archives-ouvertes.fr/author/861122,Alexandre Goldsztejn,Wayne Hayes&https://data.archives-ouvertes.fr/author/491184
https://data.archives-ouvertes.fr/document/hal-00835183v1,https://data.archives-ouvertes.fr/author/861122,Alexandre Goldsztejn,Claude Michel&https://data.archives-ouvertes.fr/author/861131--Michel Rueher&https://data.archives-ouvertes.fr/author/michel-rueher--Yahia Lebbah&https://data.archives-ouvertes.fr/author/491473
https://data.archives-ouvertes.fr/document/hal-00428678v1,https://data.archives-ouvertes.fr/author/861122,Alexandre Goldsztejn,Frédéric Goualard&https://data.archives-ouvertes.fr/author/frederic-goualard
https://data.archives-ouvertes.fr/document/hal-01408599v1,https://data.archives-ouvertes.fr/author/861122,Alexandre Goldsztejn,Benjamin Martin&https://data.archives-ouvertes.fr/author/434475--Christophe Jermann&https://data.archives-ouvertes.fr/author/christophe-jermann--Laurent Granvilliers&https://data.archives-ouvertes.fr/author/laurent-granvilliers
https://data.archives-ouvertes.fr/document/hal-02490672v1,https://data.archives-ouvertes.fr/author/861122,Alexandre Goldsztejn,Daisuke Ishii&https://data.archives-ouvertes.fr/author/491169--Naoki Yonezaki&https://data.archives-ouvertes.fr/author/1502289
https://data.archives-ouvertes.fr/document/hal-00481215v1,https://data.archives-ouvertes.fr/author/861122,Alexandre Goldsztejn,Wayne Hayes&https://data.archives-ouvertes.fr/author/491184
https://data.archives-ouvertes.fr/document/hal-01408593v1,https://data.archives-ouvertes.fr/author/861122,Alexandre Goldsztejn,Bhagyesh Patil&https://data.archives-ouvertes.fr/author/1427297--Christophe Jermann&https://data.archives-ouvertes.fr/author/christophe-jermann--Frédéric Goualard&https://data.archives-ouvertes.fr/author/frederic-goualard--Harsh Purohit&https://data.archives-ouvertes.fr/author/1427294--Laurent Granvilliers&https://data.archives-ouvertes.fr/author/laurent-granvilliers--P.S.V. Nataraj&https://data.archives-ouvertes.fr/author/1427296--R. Jeyasenthil&https://data.archives-ouvertes.fr/author/1427295
https://data.archives-ouvertes.fr/document/hal-00911321v1,https://data.archives-ouvertes.fr/author/861122,Alexandre Goldsztejn,Christophe Jermann&https://data.archives-ouvertes.fr/author/christophe-jermann--Daisuke Ishii&https://data.archives-ouvertes.fr/author/491169--Damien Chablat&https://data.archives-ouvertes.fr/author/damien-chablat--Stéphane Caro&https://data.archives-ouvertes.fr/author/stephane-caro
https://data.archives-ouvertes.fr/document/hal-00421506v1,https://data.archives-ouvertes.fr/author/861122,Alexandre Goldsztejn,Christophe Jermann&https://data.archives-ouvertes.fr/author/christophe-jermann--Raphaël Chenouard&https://data.archives-ouvertes.fr/author/raphael-chenouard
https://data.archives-ouvertes.fr/document/hal-00510305v1,https://data.archives-ouvertes.fr/author/861122,Alexandre Goldsztejn,Claude Michel&https://data.archives-ouvertes.fr/author/52301--Michel Rueher&https://data.archives-ouvertes.fr/author/michel-rueher--Yahia Lebbah&https://data.archives-ouvertes.fr/author/184775
https://data.archives-ouvertes.fr/document/hal-01479410v1,https://data.archives-ouvertes.fr/author/861122,Alexandre Goldsztejn,Sébastien Briot&https://data.archives-ouvertes.fr/author/sebastien-briot
https://data.archives-ouvertes.fr/document/hal-00288207v1,https://data.archives-ouvertes.fr/author/861122,Alexandre Goldsztejn,Frédéric Goualard&https://data.archives-ouvertes.fr/author/frederic-goualard
https://data.archives-ouvertes.fr/document/hal-01730670v1,https://data.archives-ouvertes.fr/author/861122,Alexandre Goldsztejn,F. Domes&https://data.archives-ouvertes.fr/author/11146872
https://data.archives-ouvertes.fr/document/hal-00868073v1,https://data.archives-ouvertes.fr/author/861122,Alexandre Goldsztejn,Christophe Jermann&https://data.archives-ouvertes.fr/author/christophe-jermann--Daisuke Ishii&https://data.archives-ouvertes.fr/author/491169--Damien Chablat&https://data.archives-ouvertes.fr/author/damien-chablat--Stéphane Caro&https://data.archives-ouvertes.fr/author/stephane-caro
https://data.archives-ouvertes.fr/document/hal-00480819v1,https://data.archives-ouvertes.fr/author/861122,Alexandre Goldsztejn,Laurent Granvilliers&https://data.archives-ouvertes.fr/author/laurent-granvilliers
https://data.archives-ouvertes.fr/document/hal-01408594v1,https://data.archives-ouvertes.fr/author/861122,Alexandre Goldsztejn,Carme Torras&https://data.archives-ouvertes.fr/author/861201--Christophe Jermann&https://data.archives-ouvertes.fr/author/christophe-jermann--Vicente Ruiz de Angulo&https://data.archives-ouvertes.fr/author/861200
https://data.archives-ouvertes.fr/document/hal-00297086v1,https://data.archives-ouvertes.fr/author/861122,Alexandre Goldsztejn,Claude Michel&https://data.archives-ouvertes.fr/author/52301--Michel Rueher&https://data.archives-ouvertes.fr/author/michel-rueher--Yahia Lebbah&https://data.archives-ouvertes.fr/author/184775
https://data.archives-ouvertes.fr/document/hal-01422510v1,https://data.archives-ouvertes.fr/author/861122,Alexandre Goldsztejn,Gilles Chabert&https://data.archives-ouvertes.fr/author/gilles-chabert--Stéphane Caro&https://data.archives-ouvertes.fr/author/stephane-caro
https://data.archives-ouvertes.fr/document/hal-00911289v1,https://data.archives-ouvertes.fr/author/861122,Alexandre Goldsztejn,Elsa Carvalho&https://data.archives-ouvertes.fr/author/950086--Jorge Cruz&https://data.archives-ouvertes.fr/author/950085
https://data.archives-ouvertes.fr/document/hal-00431161v1,https://data.archives-ouvertes.fr/author/861122,Alexandre Goldsztejn,Gilles Chabert&https://data.archives-ouvertes.fr/author/gilles-chabert
https://data.archives-ouvertes.fr/document/hal-00520054v1,https://data.archives-ouvertes.fr/author/861122,Alexandre Goldsztejn,Damien Eveillard&https://data.archives-ouvertes.fr/author/damien-eveillard--Hiroshi Hosobe&https://data.archives-ouvertes.fr/author/437187--Olivier Mullier&https://data.archives-ouvertes.fr/author/olivier-mullier
https://data.archives-ouvertes.fr/document/hal-02008026v1,https://data.archives-ouvertes.fr/author/861122,Alexandre Goldsztejn,Christophe Jermann&https://data.archives-ouvertes.fr/author/christophe-jermann--Gilles Chabert&https://data.archives-ouvertes.fr/author/gilles-chabert
https://data.archives-ouvertes.fr/document/hal-00835191v1,https://data.archives-ouvertes.fr/author/861122,Alexandre Goldsztejn,&https://data.archives-ouvertes.fr/author/12304153
https://data.archives-ouvertes.fr/document/hal-02005023v1,https://data.archives-ouvertes.fr/author/861122,Alexandre Goldsztejn,Christophe Jermann&https://data.archives-ouvertes.fr/author/christophe-jermann--Daisuke Ishii&https://data.archives-ouvertes.fr/author/491169--Damien Chablat&https://data.archives-ouvertes.fr/author/damien-chablat--Stéphane Caro&https://data.archives-ouvertes.fr/author/stephane-caro
https://data.archives-ouvertes.fr/document/hal-01995932v1,https://data.archives-ouvertes.fr/author/861122,Alexandre Goldsztejn,Gilles Chabert&https://data.archives-ouvertes.fr/author/gilles-chabert
https://data.archives-ouvertes.fr/document/hal-01863731v1,https://data.archives-ouvertes.fr/author/861122,Alexandre Goldsztejn,Gilles Chabert&https://data.archives-ouvertes.fr/author/gilles-chabert--Stéphane Caro&https://data.archives-ouvertes.fr/author/stephane-caro
https://data.archives-ouvertes.fr/document/hal-00481388v1,https://data.archives-ouvertes.fr/author/861122,Alexandre Goldsztejn,Claude Michel&https://data.archives-ouvertes.fr/author/52301--Michel Rueher&https://data.archives-ouvertes.fr/author/michel-rueher--Yahia Lebbah&https://data.archives-ouvertes.fr/author/184775
https://data.archives-ouvertes.fr/document/hal-01401321v1,https://data.archives-ouvertes.fr/author/861122,Alexandre Goldsztejn,Benjamin Martin&https://data.archives-ouvertes.fr/author/434475--Christophe Jermann&https://data.archives-ouvertes.fr/author/christophe-jermann--Laurent Granvilliers&https://data.archives-ouvertes.fr/author/laurent-granvilliers
https://data.archives-ouvertes.fr/document/hal-01333216v1,https://data.archives-ouvertes.fr/author/861122,Alexandre Goldsztejn,Gilles Chabert&https://data.archives-ouvertes.fr/author/gilles-chabert
https://data.archives-ouvertes.fr/document/hal-02008057v1,https://data.archives-ouvertes.fr/author/861122,Alexandre Goldsztejn,Gilles Chabert&https://data.archives-ouvertes.fr/author/gilles-chabert
https://data.archives-ouvertes.fr/document/hal-00481288v1,https://data.archives-ouvertes.fr/author/861122,Alexandre Goldsztejn,&https://data.archives-ouvertes.fr/author/12304153
https://data.archives-ouvertes.fr/document/hal-01333216v2,https://data.archives-ouvertes.fr/author/861122,Alexandre Goldsztejn,Gilles Chabert&https://data.archives-ouvertes.fr/author/gilles-chabert
https://data.archives-ouvertes.fr/document/hal-02849991v1,https://data.archives-ouvertes.fr/author/861122,Alexandre Goldsztejn,&https://data.archives-ouvertes.fr/author/11973680--Angelo Cenedese&https://data.archives-ouvertes.fr/author/812625--Isabelle Fantoni&https://data.archives-ouvertes.fr/author/isabelle-fantoni--Sébastien Briot&https://data.archives-ouvertes.fr/author/sebastien-briot
https://data.archives-ouvertes.fr/document/hal-01408525v1,https://data.archives-ouvertes.fr/author/861122,Alexandre Goldsztejn,Benjamin Martin&https://data.archives-ouvertes.fr/author/434475--Christophe Jermann&https://data.archives-ouvertes.fr/author/christophe-jermann--Laurent Granvilliers&https://data.archives-ouvertes.fr/author/laurent-granvilliers
https://data.archives-ouvertes.fr/document/hal-03210572v1,https://data.archives-ouvertes.fr/author/861122,Alexandre Goldsztejn,Sébastien Briot&https://data.archives-ouvertes.fr/author/sebastien-briot
https://data.archives-ouvertes.fr/document/hal-01408597v1,https://data.archives-ouvertes.fr/author/861122,Alexandre Goldsztejn,Benjamin Martin&https://data.archives-ouvertes.fr/author/434475--Christophe Jermann&https://data.archives-ouvertes.fr/author/christophe-jermann--Laurent Granvilliers&https://data.archives-ouvertes.fr/author/laurent-granvilliers
https://data.archives-ouvertes.fr/document/hal-00835280v1,https://data.archives-ouvertes.fr/author/861122,Alexandre Goldsztejn,Carme Torras&https://data.archives-ouvertes.fr/author/861201--Christophe Jermann&https://data.archives-ouvertes.fr/author/christophe-jermann--Vicente Ruiz de Angulo&https://data.archives-ouvertes.fr/author/861200
https://data.archives-ouvertes.fr/document/hal-00911326v1,https://data.archives-ouvertes.fr/author/861122,Alexandre Goldsztejn,Christophe Jermann&https://data.archives-ouvertes.fr/author/christophe-jermann--Laurent Granvilliers&https://data.archives-ouvertes.fr/author/laurent-granvilliers
https://data.archives-ouvertes.fr/document/hal-01084612v1,https://data.archives-ouvertes.fr/author/861122,Alexandre Goldsztejn,Gilles Chabert&https://data.archives-ouvertes.fr/author/gilles-chabert--Ignacio Salas&https://data.archives-ouvertes.fr/author/1092630
https://data.archives-ouvertes.fr/document/hal-00867986v1,https://data.archives-ouvertes.fr/author/861122,Alexandre Goldsztejn,Christophe Jermann&https://data.archives-ouvertes.fr/author/christophe-jermann--Laurent Granvilliers&https://data.archives-ouvertes.fr/author/laurent-granvilliers
https://data.archives-ouvertes.fr/document/hal-01084612v2,https://data.archives-ouvertes.fr/author/861122,Alexandre Goldsztejn,Gilles Chabert&https://data.archives-ouvertes.fr/author/gilles-chabert--Ignacio Salas&https://data.archives-ouvertes.fr/author/1092630
https://data.archives-ouvertes.fr/document/hal-02539443v1,https://data.archives-ouvertes.fr/author/861122,Alexandre Goldsztejn,Adrien Koessler&https://data.archives-ouvertes.fr/author/11170547--Nicolas Bouton&https://data.archives-ouvertes.fr/author/nicolas-bouton--Sébastien Briot&https://data.archives-ouvertes.fr/author/sebastien-briot
https://data.archives-ouvertes.fr/document/hal-01731569v1,https://data.archives-ouvertes.fr/author/861122,Alexandre Goldsztejn,Daisuke Ishii&https://data.archives-ouvertes.fr/author/491169
https://data.archives-ouvertes.fr/document/hal-00990048v1,https://data.archives-ouvertes.fr/author/861122,Alexandre Goldsztejn,David Daney&https://data.archives-ouvertes.fr/author/david-daney--Michel Rueher&https://data.archives-ouvertes.fr/author/michel-rueher--Patrick Taillibert&https://data.archives-ouvertes.fr/author/761854
https://data.archives-ouvertes.fr/document/hal-00431188v1,https://data.archives-ouvertes.fr/author/861122,Alexandre Goldsztejn,Carlos Grandón&https://data.archives-ouvertes.fr/author/99274
https://data.archives-ouvertes.fr/document/hal-01408596v1,https://data.archives-ouvertes.fr/author/861122,Alexandre Goldsztejn,Bhagyesh Patil&https://data.archives-ouvertes.fr/author/1427297--Christophe Jermann&https://data.archives-ouvertes.fr/author/christophe-jermann--Frédéric Goualard&https://data.archives-ouvertes.fr/author/frederic-goualard--Harsh Purohit&https://data.archives-ouvertes.fr/author/1427294--Laurent Granvilliers&https://data.archives-ouvertes.fr/author/laurent-granvilliers--P.S.V. Nataraj&https://data.archives-ouvertes.fr/author/1427296--R. Jeyasenthil&https://data.archives-ouvertes.fr/author/1427295
https://data.archives-ouvertes.fr/document/inria-00293749v1,https://data.archives-ouvertes.fr/author/861122,Alexandre Goldsztejn,Claude Michel&https://data.archives-ouvertes.fr/author/52301--Michel Rueher&https://data.archives-ouvertes.fr/author/michel-rueher
https://data.archives-ouvertes.fr/document/hal-00910915v1,https://data.archives-ouvertes.fr/author/861122,Alexandre Goldsztejn,Mikhael Tannous&https://data.archives-ouvertes.fr/author/949702--Stéphane Caro&https://data.archives-ouvertes.fr/author/stephane-caro
https://data.archives-ouvertes.fr/document/hal-01408598v1,https://data.archives-ouvertes.fr/author/861122,Alexandre Goldsztejn,Benjamin Martin&https://data.archives-ouvertes.fr/author/434475--Christophe Jermann&https://data.archives-ouvertes.fr/author/christophe-jermann--Laurent Granvilliers&https://data.archives-ouvertes.fr/author/laurent-granvilliers
https://data.archives-ouvertes.fr/document/hal-01408595v1,https://data.archives-ouvertes.fr/author/861122,Alexandre Goldsztejn,Benjamin Martin&https://data.archives-ouvertes.fr/author/434475--Christophe Jermann&https://data.archives-ouvertes.fr/author/christophe-jermann--Laurent Granvilliers&https://data.archives-ouvertes.fr/author/laurent-granvilliers
https://data.archives-ouvertes.fr/document/hal-01079579v1,https://data.archives-ouvertes.fr/author/861122,Alexandre Goldsztejn,Gilles Chabert&https://data.archives-ouvertes.fr/author/gilles-chabert--Ignacio Salas&https://data.archives-ouvertes.fr/author/1092630
https://data.archives-ouvertes.fr/document/hal-00868023v1,https://data.archives-ouvertes.fr/author/861122,Alexandre Goldsztejn,Christophe Jermann&https://data.archives-ouvertes.fr/author/christophe-jermann--Daisuke Ishii&https://data.archives-ouvertes.fr/author/491169
https://data.archives-ouvertes.fr/document/hal-00462935v1,https://data.archives-ouvertes.fr/author/861122,Alexandre Goldsztejn,Nicolas Berger&https://data.archives-ouvertes.fr/author/472120--Philippe Cardou&https://data.archives-ouvertes.fr/author/472132--Ricardo Soto&https://data.archives-ouvertes.fr/author/467201--Stéphane Caro&https://data.archives-ouvertes.fr/author/stephane-caro
https://data.archives-ouvertes.fr/document/hal-00411330v2,https://data.archives-ouvertes.fr/author/861122,Alexandre Goldsztejn,Arnold Neumaier&https://data.archives-ouvertes.fr/author/1063789
https://data.archives-ouvertes.fr/document/hal-00835176v1,https://data.archives-ouvertes.fr/author/861122,Alexandre Goldsztejn,Pieter Collins&https://data.archives-ouvertes.fr/author/861123--Wayne Hayes&https://data.archives-ouvertes.fr/author/491184
https://data.archives-ouvertes.fr/document/hal-01721237v1,https://data.archives-ouvertes.fr/author/861122,Alexandre Goldsztejn,Gilles Chabert&https://data.archives-ouvertes.fr/author/gilles-chabert--Stéphane Caro&https://data.archives-ouvertes.fr/author/stephane-caro
https://data.archives-ouvertes.fr/document/hal-00835174v1,https://data.archives-ouvertes.fr/author/861122,Alexandre Goldsztejn,Christophe Jermann&https://data.archives-ouvertes.fr/author/christophe-jermann
https://data.archives-ouvertes.fr/document/hal-00481066v1,https://data.archives-ouvertes.fr/author/861122,Alexandre Goldsztejn,Laurent Granvilliers&https://data.archives-ouvertes.fr/author/laurent-granvilliers
https://data.archives-ouvertes.fr/document/inria-00070007v1,https://data.archives-ouvertes.fr/author/97645,Marc Gaetano,Alain Sausse&https://data.archives-ouvertes.fr/author/97646--Stéphane Dalmas&https://data.archives-ouvertes.fr/author/97644
https://data.archives-ouvertes.fr/document/hal-00653659v1,https://data.archives-ouvertes.fr/author/52301,Claude Michel,Michel Rueher&https://data.archives-ouvertes.fr/author/michel-rueher--Mohammed Said Belaid&https://data.archives-ouvertes.fr/author/528562
https://data.archives-ouvertes.fr/document/hal-00297250v1,https://data.archives-ouvertes.fr/author/52301,Claude Michel,Alexandre Goldsztejn&https://data.archives-ouvertes.fr/author/alexandre-goldsztejn--Michel Rueher&https://data.archives-ouvertes.fr/author/michel-rueher
https://data.archives-ouvertes.fr/document/inria-00151231v1,https://data.archives-ouvertes.fr/author/52301,Claude Michel,Michel Rueher&https://data.archives-ouvertes.fr/author/michel-rueher--Yahia Lebbah&https://data.archives-ouvertes.fr/author/184775
https://data.archives-ouvertes.fr/document/hal-01956094v1,https://data.archives-ouvertes.fr/author/52301,Claude Michel,Heytem Zitoun&https://data.archives-ouvertes.fr/author/11350937--Laurent Michel&https://data.archives-ouvertes.fr/author/11350938--Michel Rueher&https://data.archives-ouvertes.fr/author/michel-rueher
https://data.archives-ouvertes.fr/document/hal-00829579v1,https://data.archives-ouvertes.fr/author/52301,Claude Michel,Michel Rueher&https://data.archives-ouvertes.fr/author/michel-rueher--Mohammed Said Belaid&https://data.archives-ouvertes.fr/author/528562
https://data.archives-ouvertes.fr/document/inria-00071433v1,https://data.archives-ouvertes.fr/author/52301,Claude Michel,Arnaud Gotlieb&https://data.archives-ouvertes.fr/author/52275--Bernard Botella&https://data.archives-ouvertes.fr/author/99313
https://data.archives-ouvertes.fr/document/hal-00510305v1,https://data.archives-ouvertes.fr/author/52301,Claude Michel,Alexandre Goldsztejn&https://data.archives-ouvertes.fr/author/alexandre-goldsztejn--Michel Rueher&https://data.archives-ouvertes.fr/author/michel-rueher--Yahia Lebbah&https://data.archives-ouvertes.fr/author/184775
https://data.archives-ouvertes.fr/document/hal-00297086v1,https://data.archives-ouvertes.fr/author/52301,Claude Michel,Alexandre Goldsztejn&https://data.archives-ouvertes.fr/author/alexandre-goldsztejn--Michel Rueher&https://data.archives-ouvertes.fr/author/michel-rueher--Yahia Lebbah&https://data.archives-ouvertes.fr/author/184775
https://data.archives-ouvertes.fr/document/hal-01099514v1,https://data.archives-ouvertes.fr/author/52301,Claude Michel,Michel Rueher&https://data.archives-ouvertes.fr/author/1112189--Mohammed Said Belaid&https://data.archives-ouvertes.fr/author/528562
https://data.archives-ouvertes.fr/document/hal-00481388v1,https://data.archives-ouvertes.fr/author/52301,Claude Michel,Alexandre Goldsztejn&https://data.archives-ouvertes.fr/author/alexandre-goldsztejn--Michel Rueher&https://data.archives-ouvertes.fr/author/michel-rueher--Yahia Lebbah&https://data.archives-ouvertes.fr/author/184775
https://data.archives-ouvertes.fr/document/inria-00000087v1,https://data.archives-ouvertes.fr/author/52301,Claude Michel,Heikel Batnini&https://data.archives-ouvertes.fr/author/52299--Michel Rueher&https://data.archives-ouvertes.fr/author/michel-rueher
https://data.archives-ouvertes.fr/document/hal-01956046v1,https://data.archives-ouvertes.fr/author/52301,Claude Michel,Michel Rueher&https://data.archives-ouvertes.fr/author/michel-rueher--Pelleau Marie&https://data.archives-ouvertes.fr/author/marie-pelleau--Rémy Garcia&https://data.archives-ouvertes.fr/author/remy-garcia
https://data.archives-ouvertes.fr/document/inria-00520370v1,https://data.archives-ouvertes.fr/author/52301,Claude Michel,Michel Rueher&https://data.archives-ouvertes.fr/author/michel-rueher--Mohammed Said Belaid&https://data.archives-ouvertes.fr/author/528562
https://data.archives-ouvertes.fr/document/inria-00540299v1,https://data.archives-ouvertes.fr/author/52301,Claude Michel,Arnaud Gotlieb&https://data.archives-ouvertes.fr/author/492751--Bernard Botella&https://data.archives-ouvertes.fr/author/99313
https://data.archives-ouvertes.fr/document/inria-00293749v1,https://data.archives-ouvertes.fr/author/52301,Claude Michel,Alexandre Goldsztejn&https://data.archives-ouvertes.fr/author/alexandre-goldsztejn--Michel Rueher&https://data.archives-ouvertes.fr/author/michel-rueher
https://data.archives-ouvertes.fr/document/hal-00510304v1,https://data.archives-ouvertes.fr/author/52301,Claude Michel,Michel Rueher&https://data.archives-ouvertes.fr/author/michel-rueher--Yahia Lebbah&https://data.archives-ouvertes.fr/author/184775
https://data.archives-ouvertes.fr/document/halshs-00004825v1,https://data.archives-ouvertes.fr/author/52301,Claude Michel,M. Benoit&https://data.archives-ouvertes.fr/author/61546
https://data.archives-ouvertes.fr/document/hal-00623274v1,https://data.archives-ouvertes.fr/author/52301,Claude Michel,Michel Rueher&https://data.archives-ouvertes.fr/author/michel-rueher--Olivier Ponsini&https://data.archives-ouvertes.fr/author/503803
https://data.archives-ouvertes.fr/document/inria-00097697v2,https://data.archives-ouvertes.fr/author/97981,Mariette Yvinec,Laurent Rineau&https://data.archives-ouvertes.fr/author/98110
https://data.archives-ouvertes.fr/document/inria-00275430v1,https://data.archives-ouvertes.fr/author/97981,Mariette Yvinec,Camille Wormser&https://data.archives-ouvertes.fr/author/213595--Jean-Daniel Boissonnat&https://data.archives-ouvertes.fr/author/64483
https://data.archives-ouvertes.fr/document/inria-00074301v1,https://data.archives-ouvertes.fr/author/97981,Mariette Yvinec,Jean-Daniel Boissonnat&https://data.archives-ouvertes.fr/author/64483--Jean-Marc Robert&https://data.archives-ouvertes.fr/author/101525--Jurek Czyzowicz&https://data.archives-ouvertes.fr/author/101524--Olivier Devillers&https://data.archives-ouvertes.fr/author/olivierdevillers
https://data.archives-ouvertes.fr/document/inria-00071561v1,https://data.archives-ouvertes.fr/author/97981,Mariette Yvinec,Menelaos Karavelas&https://data.archives-ouvertes.fr/author/99432
https://data.archives-ouvertes.fr/document/inria-00074269v1,https://data.archives-ouvertes.fr/author/97981,Mariette Yvinec,Jean-Daniel Boissonnat&https://data.archives-ouvertes.fr/author/64483--Jurek Czyzowicz&https://data.archives-ouvertes.fr/author/101300--Olivier Devillers&https://data.archives-ouvertes.fr/author/olivierdevillers
https://data.archives-ouvertes.fr/document/inria-00422344v1,https://data.archives-ouvertes.fr/author/97981,Mariette Yvinec,Nader Salman&https://data.archives-ouvertes.fr/author/427838
https://data.archives-ouvertes.fr/document/hal-01179456v1,https://data.archives-ouvertes.fr/author/97981,Mariette Yvinec,Francis Avnaim&https://data.archives-ouvertes.fr/author/101571--Franco P. Preparata&https://data.archives-ouvertes.fr/author/103081--Jean-Daniel Boissonnat&https://data.archives-ouvertes.fr/author/64483--Olivier Devillers&https://data.archives-ouvertes.fr/author/olivierdevillers
https://data.archives-ouvertes.fr/document/inria-00503837v1,https://data.archives-ouvertes.fr/author/97981,Mariette Yvinec,Nader Salman&https://data.archives-ouvertes.fr/author/427838
https://data.archives-ouvertes.fr/document/inria-00075449v1,https://data.archives-ouvertes.fr/author/97981,Mariette Yvinec,Jean-Daniel Boissonnat&https://data.archives-ouvertes.fr/author/64483
https://data.archives-ouvertes.fr/document/inria-00116651v3,https://data.archives-ouvertes.fr/author/97981,Mariette Yvinec,Marc Alexa&https://data.archives-ouvertes.fr/author/148522--Marie Samozino&https://data.archives-ouvertes.fr/author/148760--Pierre Alliez&https://data.archives-ouvertes.fr/author/pierre-alliez
https://data.archives-ouvertes.fr/document/inria-00413248v1,https://data.archives-ouvertes.fr/author/97981,Mariette Yvinec,Dobrina Boltcheva&https://data.archives-ouvertes.fr/author/429693--Jean-Daniel Boissonnat&https://data.archives-ouvertes.fr/author/64483
https://data.archives-ouvertes.fr/document/hal-01071759v1,https://data.archives-ouvertes.fr/author/97981,Mariette Yvinec,Clément Jamin&https://data.archives-ouvertes.fr/author/cjamin--Jean-Daniel Boissonnat&https://data.archives-ouvertes.fr/author/64483--Pierre Alliez&https://data.archives-ouvertes.fr/author/pierre-alliez
https://data.archives-ouvertes.fr/document/inria-00413506v1,https://data.archives-ouvertes.fr/author/97981,Mariette Yvinec,Monique Teillaud&https://data.archives-ouvertes.fr/author/monique-teillaud--Olivier Devillers&https://data.archives-ouvertes.fr/author/olivierdevillers
https://data.archives-ouvertes.fr/document/hal-01179475v1,https://data.archives-ouvertes.fr/author/97981,Mariette Yvinec,Jean-Daniel Boissonnat&https://data.archives-ouvertes.fr/author/64483--Jean-Marc Robert&https://data.archives-ouvertes.fr/author/11351539--Jurek Czyzowicz&https://data.archives-ouvertes.fr/author/101524--Olivier Devillers&https://data.archives-ouvertes.fr/author/olivierdevillers
https://data.archives-ouvertes.fr/document/inria-00074648v1,https://data.archives-ouvertes.fr/author/97981,Mariette Yvinec,Katrin Dobrindt&https://data.archives-ouvertes.fr/author/101355--Kurt Mehlhorn&https://data.archives-ouvertes.fr/author/101763
https://data.archives-ouvertes.fr/document/inria-00070609v1,https://data.archives-ouvertes.fr/author/97981,Mariette Yvinec,Frédéric Cazals&https://data.archives-ouvertes.fr/author/623991--Joachim Giesen&https://data.archives-ouvertes.fr/author/98376
https://data.archives-ouvertes.fr/document/inria-00338701v1,https://data.archives-ouvertes.fr/author/97981,Mariette Yvinec,Jean-Daniel Boissonnat&https://data.archives-ouvertes.fr/author/64483--Jorge Urrutia&https://data.archives-ouvertes.fr/author/101301--Jurek Czyzowicz&https://data.archives-ouvertes.fr/author/101524--Olivier Devillers&https://data.archives-ouvertes.fr/author/olivierdevillers
https://data.archives-ouvertes.fr/document/inria-00072122v1,https://data.archives-ouvertes.fr/author/97981,Mariette Yvinec,Menelaos I. Karavelas&https://data.archives-ouvertes.fr/author/99888
https://data.archives-ouvertes.fr/document/inria-00070277v1,https://data.archives-ouvertes.fr/author/97981,Mariette Yvinec,Camille Wormser&https://data.archives-ouvertes.fr/author/97980--Jean-Daniel Boissonnat&https://data.archives-ouvertes.fr/author/64483
https://data.archives-ouvertes.fr/document/inria-00073985v1,https://data.archives-ouvertes.fr/author/97981,Mariette Yvinec,Jean-Daniel Boissonnat&https://data.archives-ouvertes.fr/author/64483--Jorge Urrutia&https://data.archives-ouvertes.fr/author/101301--Jurek Czyzowicz&https://data.archives-ouvertes.fr/author/101300--Olivier Devillers&https://data.archives-ouvertes.fr/author/olivierdevillers
https://data.archives-ouvertes.fr/document/inria-00413159v1,https://data.archives-ouvertes.fr/author/97981,Mariette Yvinec,André Cerezo&https://data.archives-ouvertes.fr/author/101679--Jacqueline Duquesne&https://data.archives-ouvertes.fr/author/429629--Jean-Daniel Boissonnat&https://data.archives-ouvertes.fr/author/64483--Olivier Devillers&https://data.archives-ouvertes.fr/author/olivierdevillers
https://data.archives-ouvertes.fr/document/hal-01180161v1,https://data.archives-ouvertes.fr/author/97981,Mariette Yvinec,Jean-Daniel Boissonnat&https://data.archives-ouvertes.fr/author/64483--Monique Teillaud&https://data.archives-ouvertes.fr/author/monique-teillaud--Olivier Devillers&https://data.archives-ouvertes.fr/author/olivierdevillers--René Schott&https://data.archives-ouvertes.fr/author/144065
https://data.archives-ouvertes.fr/document/inria-00073641v1,https://data.archives-ouvertes.fr/author/97981,Mariette Yvinec,Hervé Brönnimann&https://data.archives-ouvertes.fr/author/61456
https://data.archives-ouvertes.fr/document/hal-01179713v1,https://data.archives-ouvertes.fr/author/97981,Mariette Yvinec,Jacqueline Duquesne&https://data.archives-ouvertes.fr/author/429629--Jean-Daniel Boissonnat&https://data.archives-ouvertes.fr/author/64483--Olivier Devillers&https://data.archives-ouvertes.fr/author/olivierdevillers
https://data.archives-ouvertes.fr/document/hal-01179468v1,https://data.archives-ouvertes.fr/author/97981,Mariette Yvinec,Jean-Daniel Boissonnat&https://data.archives-ouvertes.fr/author/64483--Jurek Czyzowicz&https://data.archives-ouvertes.fr/author/101524--Olivier Devillers&https://data.archives-ouvertes.fr/author/olivierdevillers
https://data.archives-ouvertes.fr/document/hal-00681581v1,https://data.archives-ouvertes.fr/author/97981,Mariette Yvinec,Laurent Rineau&https://data.archives-ouvertes.fr/author/98110
https://data.archives-ouvertes.fr/document/inria-00074107v1,https://data.archives-ouvertes.fr/author/97981,Mariette Yvinec,Franck Nielsen&https://data.archives-ouvertes.fr/author/101196
https://data.archives-ouvertes.fr/document/hal-01615863v2,https://data.archives-ouvertes.fr/author/97981,Mariette Yvinec,Frédéric Chazal&https://data.archives-ouvertes.fr/author/fchazal--Jean-Daniel Boissonnat&https://data.archives-ouvertes.fr/author/64483
https://data.archives-ouvertes.fr/document/hal-01108461v1,https://data.archives-ouvertes.fr/author/97981,Mariette Yvinec,Clément Maria&https://data.archives-ouvertes.fr/author/733925--Jean-Daniel Boissonnat&https://data.archives-ouvertes.fr/author/806517--Marc Glisse&https://data.archives-ouvertes.fr/author/glisse
https://data.archives-ouvertes.fr/document/hal-00795091v1,https://data.archives-ouvertes.fr/author/97981,Mariette Yvinec,Jacqueline Duquesne&https://data.archives-ouvertes.fr/author/429629--Jean-Daniel Boissonnat&https://data.archives-ouvertes.fr/author/64483--Olivier Devillers&https://data.archives-ouvertes.fr/author/olivierdevillers
https://data.archives-ouvertes.fr/document/inria-00097841v1,https://data.archives-ouvertes.fr/author/97981,Mariette Yvinec,Laurent Rineau&https://data.archives-ouvertes.fr/author/98110--Steve Oudot&https://data.archives-ouvertes.fr/author/98109
https://data.archives-ouvertes.fr/document/inria-00348713v1,https://data.archives-ouvertes.fr/author/97981,Mariette Yvinec,Francois Rebufat&https://data.archives-ouvertes.fr/author/375038--Frédéric Cazals&https://data.archives-ouvertes.fr/author/623991--Jean-Daniel Boissonnat&https://data.archives-ouvertes.fr/author/64483--Monique Teillaud&https://data.archives-ouvertes.fr/author/monique-teillaud--Olivier Devillers&https://data.archives-ouvertes.fr/author/olivierdevillers--Sylvain Pion&https://data.archives-ouvertes.fr/author/sylvain-pion--Tran Kai Frank Da&https://data.archives-ouvertes.fr/author/375037
https://data.archives-ouvertes.fr/document/hal-00488446v1,https://data.archives-ouvertes.fr/author/97981,Mariette Yvinec,Camille Wormser&https://data.archives-ouvertes.fr/author/498079--Jean-Daniel Boissonnat&https://data.archives-ouvertes.fr/author/64483
https://data.archives-ouvertes.fr/document/inria-00420228v1,https://data.archives-ouvertes.fr/author/97981,Mariette Yvinec,Dobrina Boltcheva&https://data.archives-ouvertes.fr/author/429693--Jean-Daniel Boissonnat&https://data.archives-ouvertes.fr/author/64483
https://data.archives-ouvertes.fr/document/inria-00167199v1,https://data.archives-ouvertes.fr/author/97981,Mariette Yvinec,Jean-Daniel Boissonnat&https://data.archives-ouvertes.fr/author/64483--Monique Teillaud&https://data.archives-ouvertes.fr/author/monique-teillaud--Olivier Devillers&https://data.archives-ouvertes.fr/author/olivierdevillers--Sylvain Pion&https://data.archives-ouvertes.fr/author/sylvain-pion
https://data.archives-ouvertes.fr/document/inria-00090667v1,https://data.archives-ouvertes.fr/author/97981,Mariette Yvinec,Jean-Daniel Boissonnat&https://data.archives-ouvertes.fr/author/64483--Jurek Czyzowicz&https://data.archives-ouvertes.fr/author/101524--Olivier Devillers&https://data.archives-ouvertes.fr/author/olivierdevillers
https://data.archives-ouvertes.fr/document/hal-01615863v1,https://data.archives-ouvertes.fr/author/97981,Mariette Yvinec,Frédéric Chazal&https://data.archives-ouvertes.fr/author/fchazal--Jean-Daniel Boissonnat&https://data.archives-ouvertes.fr/author/64483
https://data.archives-ouvertes.fr/document/inria-00072243v1,https://data.archives-ouvertes.fr/author/97981,Mariette Yvinec,David Cohen-Steiner&https://data.archives-ouvertes.fr/author/98401--Eric Colin de Verdière&https://data.archives-ouvertes.fr/author/100004
https://data.archives-ouvertes.fr/document/inria-00074591v1,https://data.archives-ouvertes.fr/author/97981,Mariette Yvinec,André Cerezo&https://data.archives-ouvertes.fr/author/101679--Jacqueline Duquesne&https://data.archives-ouvertes.fr/author/101726--Jean-Daniel Boissonnat&https://data.archives-ouvertes.fr/author/64483--Olivier Devillers&https://data.archives-ouvertes.fr/author/olivierdevillers
https://data.archives-ouvertes.fr/document/inria-00075003v1,https://data.archives-ouvertes.fr/author/97981,Mariette Yvinec,Monique Teillaud&https://data.archives-ouvertes.fr/author/monique-teillaud--Olivier Devillers&https://data.archives-ouvertes.fr/author/olivierdevillers
https://data.archives-ouvertes.fr/document/inria-00615486v1,https://data.archives-ouvertes.fr/author/97981,Mariette Yvinec,Camille Wormser&https://data.archives-ouvertes.fr/author/498079--Jean-Daniel Boissonnat&https://data.archives-ouvertes.fr/author/64483
https://data.archives-ouvertes.fr/document/hal-01179408v1,https://data.archives-ouvertes.fr/author/97981,Mariette Yvinec,Jean-Daniel Boissonnat&https://data.archives-ouvertes.fr/author/64483--Monique Teillaud&https://data.archives-ouvertes.fr/author/monique-teillaud--Olivier Devillers&https://data.archives-ouvertes.fr/author/olivierdevillers
https://data.archives-ouvertes.fr/document/hal-00907088v1,https://data.archives-ouvertes.fr/author/97981,Mariette Yvinec,Jane Tournois&https://data.archives-ouvertes.fr/author/945913--Jean-Daniel Boissonnat&https://data.archives-ouvertes.fr/author/64483--Kan-Le Shi&https://data.archives-ouvertes.fr/author/945840
https://data.archives-ouvertes.fr/document/hal-01179145v1,https://data.archives-ouvertes.fr/author/97981,Mariette Yvinec,Jean-Daniel Boissonnat&https://data.archives-ouvertes.fr/author/64483--Jorge Urrutia&https://data.archives-ouvertes.fr/author/101301--Jurek Czyzowicz&https://data.archives-ouvertes.fr/author/101524--Olivier Devillers&https://data.archives-ouvertes.fr/author/olivierdevillers
https://data.archives-ouvertes.fr/document/inria-00074367v1,https://data.archives-ouvertes.fr/author/97981,Mariette Yvinec,Francis Avnaim&https://data.archives-ouvertes.fr/author/101571--Franco P. Preparata&https://data.archives-ouvertes.fr/author/103081--Jean-Daniel Boissonnat&https://data.archives-ouvertes.fr/author/64483--Olivier Devillers&https://data.archives-ouvertes.fr/author/olivierdevillers
https://data.archives-ouvertes.fr/document/inria-00073549v1,https://data.archives-ouvertes.fr/author/97981,Mariette Yvinec,Hervé Brönnimann&https://data.archives-ouvertes.fr/author/61456
https://data.archives-ouvertes.fr/document/inria-00075629v1,https://data.archives-ouvertes.fr/author/97981,Mariette Yvinec,Jean-Daniel Boissonnat&https://data.archives-ouvertes.fr/author/64483--Panagiotis Alevizos&https://data.archives-ouvertes.fr/author/102366
https://data.archives-ouvertes.fr/document/inria-00336798v1,https://data.archives-ouvertes.fr/author/97981,Mariette Yvinec,Camille Wormser&https://data.archives-ouvertes.fr/author/365488--Jean-Daniel Boissonnat&https://data.archives-ouvertes.fr/author/64483
https://data.archives-ouvertes.fr/document/inria-00070382v1,https://data.archives-ouvertes.fr/author/97981,Mariette Yvinec,Laurent Rineau&https://data.archives-ouvertes.fr/author/98110--Steve Oudot&https://data.archives-ouvertes.fr/author/98109
https://data.archives-ouvertes.fr/document/inria-00615486v2,https://data.archives-ouvertes.fr/author/97981,Mariette Yvinec,Camille Wormser&https://data.archives-ouvertes.fr/author/498079--Jean-Daniel Boissonnat&https://data.archives-ouvertes.fr/author/64483
https://data.archives-ouvertes.fr/document/inria-00189515v3,https://data.archives-ouvertes.fr/author/97981,Mariette Yvinec,Emmanuel Olivi&https://data.archives-ouvertes.fr/author/458202--Maureen Clerc&https://data.archives-ouvertes.fr/author/217253--Théodore Papadopoulo&https://data.archives-ouvertes.fr/author/papadop
https://data.archives-ouvertes.fr/document/inria-00497632v1,https://data.archives-ouvertes.fr/author/97981,Mariette Yvinec,Nader Salman&https://data.archives-ouvertes.fr/author/505572--Quentin Merigot&https://data.archives-ouvertes.fr/author/qmerigot
https://data.archives-ouvertes.fr/document/inria-00090675v1,https://data.archives-ouvertes.fr/author/97981,Mariette Yvinec,Jean-Daniel Boissonnat&https://data.archives-ouvertes.fr/author/64483--Monique Teillaud&https://data.archives-ouvertes.fr/author/monique-teillaud--Olivier Devillers&https://data.archives-ouvertes.fr/author/olivierdevillers--René Schott&https://data.archives-ouvertes.fr/author/119665
https://data.archives-ouvertes.fr/document/inria-00097083v1,https://data.archives-ouvertes.fr/author/97981,Mariette Yvinec,Memelaos Karavelas&https://data.archives-ouvertes.fr/author/128419
https://data.archives-ouvertes.fr/document/inria-00072184v1,https://data.archives-ouvertes.fr/author/97981,Mariette Yvinec,Chakib Bennis&https://data.archives-ouvertes.fr/author/99971--Jean-Daniel Boissonnat&https://data.archives-ouvertes.fr/author/64483--Sophie Balaven&https://data.archives-ouvertes.fr/author/99970
https://data.archives-ouvertes.fr/document/inria-00090613v1,https://data.archives-ouvertes.fr/author/97981,Mariette Yvinec,Francis Avnaim&https://data.archives-ouvertes.fr/author/101571--Franco P. Preparata&https://data.archives-ouvertes.fr/author/103081--Jean-Daniel Boissonnat&https://data.archives-ouvertes.fr/author/64483--Olivier Devillers&https://data.archives-ouvertes.fr/author/olivierdevillers
https://data.archives-ouvertes.fr/document/inria-00097697v1,https://data.archives-ouvertes.fr/author/97981,Mariette Yvinec,Laurent Rineau&https://data.archives-ouvertes.fr/author/98110
https://data.archives-ouvertes.fr/document/inria-00074058v1,https://data.archives-ouvertes.fr/author/97981,Mariette Yvinec,Boaz Tagansky&https://data.archives-ouvertes.fr/author/101351--Jean-Daniel Boissonnat&https://data.archives-ouvertes.fr/author/64483--Micha Sharir&https://data.archives-ouvertes.fr/author/101350
https://data.archives-ouvertes.fr/document/hal-01179732v1,https://data.archives-ouvertes.fr/author/97981,Mariette Yvinec,André Cerezo&https://data.archives-ouvertes.fr/author/101679--Jacqueline Duquesne&https://data.archives-ouvertes.fr/author/429629--Jean-Daniel Boissonnat&https://data.archives-ouvertes.fr/author/64483--Olivier Devillers&https://data.archives-ouvertes.fr/author/olivierdevillers
https://data.archives-ouvertes.fr/document/hal-00772059v1,https://data.archives-ouvertes.fr/author/97981,Mariette Yvinec,Dominique Chapelle&https://data.archives-ouvertes.fr/author/dominique-chapelle--Philippe Moireau&https://data.archives-ouvertes.fr/author/philippe-moireau
https://data.archives-ouvertes.fr/document/inria-00413181v1,https://data.archives-ouvertes.fr/author/97981,Mariette Yvinec,Jean-Daniel Boissonnat&https://data.archives-ouvertes.fr/author/64483--Jean-Marc Robert&https://data.archives-ouvertes.fr/author/11351539--Jurek Czyzowicz&https://data.archives-ouvertes.fr/author/101524--Olivier Devillers&https://data.archives-ouvertes.fr/author/olivierdevillers
https://data.archives-ouvertes.fr/document/hal-00488043v1,https://data.archives-ouvertes.fr/author/97981,Mariette Yvinec,Florent Ségonne&https://data.archives-ouvertes.fr/author/497845--Jean-Daniel Boissonnat&https://data.archives-ouvertes.fr/author/64483--Jean-Philippe Pons&https://data.archives-ouvertes.fr/author/497842--Laurent Rineau&https://data.archives-ouvertes.fr/author/497846--Renaud Keriven&https://data.archives-ouvertes.fr/author/389027
