author.value,doc.value,title.value,versionOf.value,issuedAt.value,lab.value,labName.value,country.value,availableAt.value,nameAgg.value,nameAuth.value,adress.value
https://data.archives-ouvertes.fr/author/265325,https://data.archives-ouvertes.fr/document/hal-01561926v1,Spectroscopy of solid density plasmas generated by irradiation of thin foils by a fs laser,https://data.archives-ouvertes.fr/document/hal-01561926,2000-01-01,https://data.archives-ouvertes.fr/structure/403,Bureau International des Poids et Mesures,France,,,Z. Jiang,
https://data.archives-ouvertes.fr/author/265325,https://data.archives-ouvertes.fr/document/hal-01561928v1,Characterization of a subpicosecond x-ray streak camera for ultrashort laser-produced plasmas experiments,https://data.archives-ouvertes.fr/document/hal-01561928,2000-01-01,https://data.archives-ouvertes.fr/structure/403,Bureau International des Poids et Mesures,France,,,Z. Jiang,
https://data.archives-ouvertes.fr/author/265325,https://data.archives-ouvertes.fr/document/hal-01561921v1,Polarization induced modification of thermal radiative properties of solid density plasmas produced by subpicosecond laser,https://data.archives-ouvertes.fr/document/hal-01561921,2001-01-01,https://data.archives-ouvertes.fr/structure/403,Bureau International des Poids et Mesures,France,,,Z. Jiang,
https://data.archives-ouvertes.fr/author/265325,https://data.archives-ouvertes.fr/document/hal-01561924v1,Femtosecond thermal X-ray pulses from hot solid density plasmas,https://data.archives-ouvertes.fr/document/hal-01561924,2001-01-01,https://data.archives-ouvertes.fr/structure/403,Bureau International des Poids et Mesures,France,,,Z. Jiang,
https://data.archives-ouvertes.fr/author/265325,https://data.archives-ouvertes.fr/document/hal-00710447v1,"Results of the sixth international comparison of absolute gravimeters, ICAG-2001",https://data.archives-ouvertes.fr/document/hal-00710447,2002-10-01,https://data.archives-ouvertes.fr/structure/403,Bureau International des Poids et Mesures,France,2012-06-20,,Z. Jiang,
https://data.archives-ouvertes.fr/author/265325,https://data.archives-ouvertes.fr/document/hal-01561897v1,Medical imaging with X-ray sources created by laser,https://data.archives-ouvertes.fr/document/hal-01561897,2003-01-01,https://data.archives-ouvertes.fr/structure/403,Bureau International des Poids et Mesures,France,,,Z. Jiang,
https://data.archives-ouvertes.fr/author/265325,https://data.archives-ouvertes.fr/document/inserm-00391165v1,[Perfusion MR imaging for initial diagnosis and follow-up of brain tumors],https://data.archives-ouvertes.fr/document/inserm-00391165,2005-09-01,https://data.archives-ouvertes.fr/structure/95989,Hôpital Sino-Français,Chine,9999-12-31,,Z. Jiang,Suzhou
https://data.archives-ouvertes.fr/author/265325,https://data.archives-ouvertes.fr/document/hal-01985660v1,Wigner crystallization in a quasi-three-dimensional electronic system,https://data.archives-ouvertes.fr/document/hal-01985660,2008-12-01,https://data.archives-ouvertes.fr/structure/408594,"Key Laboratory of Meteorological Disaster of Ministry of Education (KLME), Nanjing University of Information Science and Technology, Nanjing, China",Chine,,,Z. Jiang,
https://data.archives-ouvertes.fr/author/265325,https://data.archives-ouvertes.fr/document/hal-00514370v1,Relative Gravity Measurement Campaign during the 7th International Comparison of Absolute Gravimeters (2005),https://data.archives-ouvertes.fr/document/hal-00514370,2009-01-01,https://data.archives-ouvertes.fr/structure/403,Bureau International des Poids et Mesures,France,,,Z. Jiang,
https://data.archives-ouvertes.fr/author/265325,https://data.archives-ouvertes.fr/document/hal-01985675v1,DISTORTION OF THE 2D WIGNER CRYSTAL INTO A 'QUASI-3D' INSULATOR,https://data.archives-ouvertes.fr/document/hal-01985675,2009-05-20,https://data.archives-ouvertes.fr/structure/408594,"Key Laboratory of Meteorological Disaster of Ministry of Education (KLME), Nanjing University of Information Science and Technology, Nanjing, China",Chine,,,Z. Jiang,
https://data.archives-ouvertes.fr/author/265325,https://data.archives-ouvertes.fr/document/hal-02491061v1,IRM morphologique dans les syndromes parkinsoniens,https://data.archives-ouvertes.fr/document/hal-02491061,2010-04-01,https://data.archives-ouvertes.fr/structure/408594,"Key Laboratory of Meteorological Disaster of Ministry of Education (KLME), Nanjing University of Information Science and Technology, Nanjing, China",Chine,,,Z. Jiang,
https://data.archives-ouvertes.fr/author/265325,https://data.archives-ouvertes.fr/document/hal-01120099v1,Probabilistic projections of climate change over China under the SRES A1B scenario using 28 AOGCMs,https://data.archives-ouvertes.fr/document/hal-01120099,2011-01-01,https://data.archives-ouvertes.fr/structure/408594,"Key Laboratory of Meteorological Disaster of Ministry of Education (KLME), Nanjing University of Information Science and Technology, Nanjing, China",Chine,2015-02-24,,Z. Jiang,
https://data.archives-ouvertes.fr/author/265325,https://data.archives-ouvertes.fr/document/hal-00644529v1,Final report on the Seventh International Comparison of Absolute Gravimeters (ICAG 2005),https://data.archives-ouvertes.fr/document/hal-00644529,2011-01-01,https://data.archives-ouvertes.fr/structure/403,Bureau International des Poids et Mesures,France,,,Z. Jiang,
https://data.archives-ouvertes.fr/author/265325,https://data.archives-ouvertes.fr/document/hal-01120105v1,Simulation of regional climate change under the IPCC A2 scenario in southeast China,https://data.archives-ouvertes.fr/document/hal-01120105,2011-01-01,https://data.archives-ouvertes.fr/structure/408594,"Key Laboratory of Meteorological Disaster of Ministry of Education (KLME), Nanjing University of Information Science and Technology, Nanjing, China",Chine,,,Z. Jiang,
https://data.archives-ouvertes.fr/author/265325,https://data.archives-ouvertes.fr/document/hal-00599194v1,Accurate Gravimetry at the BIPM Watt Balance Site,https://data.archives-ouvertes.fr/document/hal-00599194,2011-06-28,https://data.archives-ouvertes.fr/structure/403,Bureau International des Poids et Mesures,France,,,Z. Jiang,
https://data.archives-ouvertes.fr/author/265325,https://data.archives-ouvertes.fr/document/hal-00621767v1,The influence of boreal biomass burning emissions on the distribution of tropospheric ozone over North America and the North Atlantic during 2010,https://data.archives-ouvertes.fr/document/hal-00621767,2012-01-01,https://data.archives-ouvertes.fr/structure/16290,Department of Physics [Toronto],Canada,2015-12-18,,Z. Jiang," 60 St. George St., Toronto, Ontario, M5S 1A7"
https://data.archives-ouvertes.fr/author/265325,https://data.archives-ouvertes.fr/document/hal-01112437v1,Extreme climate events in China: IPCC-AR4 model evaluation and projection,https://data.archives-ouvertes.fr/document/hal-01112437,2012-01-01,https://data.archives-ouvertes.fr/structure/408594,"Key Laboratory of Meteorological Disaster of Ministry of Education (KLME), Nanjing University of Information Science and Technology, Nanjing, China",Chine,,,Z. Jiang,
https://data.archives-ouvertes.fr/author/265325,https://data.archives-ouvertes.fr/document/hal-01068621v1,Ultrafast Surface Carrier Dynamics in the Topological Insulator Bi2Te3,https://data.archives-ouvertes.fr/document/hal-01068621,2012-06-01,https://data.archives-ouvertes.fr/structure/259336,Sch Phys,États-Unis,,,Z. Jiang,
https://data.archives-ouvertes.fr/author/265325,https://data.archives-ouvertes.fr/document/hal-00911214v1,Magnetoplasmons in quasi-neutral epitaxial graphene nanoribbons,https://data.archives-ouvertes.fr/document/hal-00911214,2013-01-01,https://data.archives-ouvertes.fr/structure/213407,School of Physics [Atlanta],États-Unis,,,Z. Jiang,"Georgia Institute of Technology 837 State Street Atlanta, Georgia 30332-0430"
https://data.archives-ouvertes.fr/author/265325,https://data.archives-ouvertes.fr/document/hal-02553164v1,On the gravimetric contribution to watt balance experiments,https://data.archives-ouvertes.fr/document/hal-02553164,2013-10-01,https://data.archives-ouvertes.fr/structure/408594,"Key Laboratory of Meteorological Disaster of Ministry of Education (KLME), Nanjing University of Information Science and Technology, Nanjing, China",Chine,,,Z. Jiang,
https://data.archives-ouvertes.fr/author/265325,https://data.archives-ouvertes.fr/document/hal-01011937v1,Tuning a Schottky barrier in a photoexcited topological insulator with transient Dirac cone electron-hole asymmetry,https://data.archives-ouvertes.fr/document/hal-01011937,2014-01-31,https://data.archives-ouvertes.fr/structure/259336,Sch Phys,États-Unis,,,Z. Jiang,
https://data.archives-ouvertes.fr/author/265325,https://data.archives-ouvertes.fr/document/hal-01707999v1,"Beta cyclodextrins bind, stabilize, and remove lipofuscin bisretinoids from retinal pigment epithelium",https://data.archives-ouvertes.fr/document/hal-01707999,2014-04-01,https://data.archives-ouvertes.fr/structure/72398,University of California [Los Angeles],États-Unis,,,Z. Jiang," Los Angeles, Californie 90095"
https://data.archives-ouvertes.fr/author/265325,https://data.archives-ouvertes.fr/document/insu-01236182v1,Toronto-area ozone: Long-term measurements and modelled sources of poor air quality events,https://data.archives-ouvertes.fr/document/insu-01236182,2015-01-01,https://data.archives-ouvertes.fr/structure/61129,Jet Propulsion Laboratory,États-Unis,2020-08-31,,Z. Jiang,"4800 Oak Grove Drive, Pasadena, CA 91109-8099, USA"
https://data.archives-ouvertes.fr/author/265325,https://data.archives-ouvertes.fr/document/hal-01784084v1,Terahertz near-field imaging of surface plasmon waves in graphene structures,https://data.archives-ouvertes.fr/document/hal-01784084,2015-12-01,https://data.archives-ouvertes.fr/structure/72398,University of California [Los Angeles],États-Unis,2018-05-03,,Z. Jiang," Los Angeles, Californie 90095"
https://data.archives-ouvertes.fr/author/265325,https://data.archives-ouvertes.fr/document/cea-01429910v1,The SDSS-IV extended Baryon Oscillation Spectroscopic Survey: selecting emission line galaxies using the Fisher discriminant,https://data.archives-ouvertes.fr/document/cea-01429910,2016-01-01,https://data.archives-ouvertes.fr/structure/478560,Key Laboratory of  of  Optical  Astronomy,Chine,2017-01-09,,Z. Jiang,"100012  Beijing,PR China"
https://data.archives-ouvertes.fr/author/265325,https://data.archives-ouvertes.fr/document/hal-03037167v1,1/f Noise in epitaxial sidewall graphene nanoribbons,https://data.archives-ouvertes.fr/document/hal-03037167,2020-08-24,https://data.archives-ouvertes.fr/structure/301990,Georgia Institute of Technology [Atlanta],États-Unis,2021-08-26,,Z. Jiang,"North Avenue, Atlanta, GA 30332"
https://data.archives-ouvertes.fr/author/11227611,https://data.archives-ouvertes.fr/document/hal-02615343v1,Methanol fuel processor and PEM fuel cell modeling for mobile application,https://data.archives-ouvertes.fr/document/hal-02615343,2010-07-01,https://data.archives-ouvertes.fr/structure/866,"Franche-Comté Électronique Mécanique, Thermique et Optique - Sciences et Technologies (UMR 6174)",France,,,Fei Gao,32 avenue de l'Observatoire 25044 BESANCON CEDEX
https://data.archives-ouvertes.fr/author/11227611,https://data.archives-ouvertes.fr/document/hal-02564414v1,Fuel cell electric scooter: Considerations toward an optimized architecture,https://data.archives-ouvertes.fr/document/hal-02564414,2010-09-01,https://data.archives-ouvertes.fr/structure/233812,Université de Technologie Belfort-Montbéliard,France,,,Fei Gao,90010 Belfort Cedex
https://data.archives-ouvertes.fr/author/11227611,https://data.archives-ouvertes.fr/document/hal-01351846v1,A Collision Detection-Based Wandering Method for Equipment Deploy Scene in Land Reclamation Area of Mining Dump,https://data.archives-ouvertes.fr/document/hal-01351846,2011-10-29,https://data.archives-ouvertes.fr/structure/300813,China Agricultural University,Chine,2015-01-01,,Fei Gao,"17 Tsinghua East Road, Beijing, 100083, P. R. China"
https://data.archives-ouvertes.fr/author/11227611,https://data.archives-ouvertes.fr/document/hal-01351846v1,A Collision Detection-Based Wandering Method for Equipment Deploy Scene in Land Reclamation Area of Mining Dump,https://data.archives-ouvertes.fr/document/hal-01351846,2011-10-29,https://data.archives-ouvertes.fr/structure/440377,Shandong Agricultural University,Chine,2015-01-01,,Fei Gao,"Daizong Road No.61,Taian,Shandong,China"
https://data.archives-ouvertes.fr/author/11227611,https://data.archives-ouvertes.fr/document/hal-00808564v1,Using robots for prototyping autonomous intersection management: feasibility and feedbacks.,https://data.archives-ouvertes.fr/document/hal-00808564,2012-04-03,https://data.archives-ouvertes.fr/structure/21190,Laboratoire Systèmes et Transports,France,2013-04-05,,Fei Gao,"90010 Belfort cedex, France"
https://data.archives-ouvertes.fr/author/11227611,https://data.archives-ouvertes.fr/document/hal-00808582v1,On the conflict with dioid algebra: Autonomous Intersection Management,https://data.archives-ouvertes.fr/document/hal-00808582,2012-07-18,https://data.archives-ouvertes.fr/structure/21190,Laboratoire Systèmes et Transports,France,2013-04-05,,Fei Gao,"90010 Belfort cedex, France"
https://data.archives-ouvertes.fr/author/11227611,https://data.archives-ouvertes.fr/document/hal-01737220v1,Inégalités socio-territoriales de santé chez la femme enceinte : facteurs cumulatifs de vulnérabilité ?,https://data.archives-ouvertes.fr/document/hal-01737220,2014-01-01,https://data.archives-ouvertes.fr/structure/301986,École des Hautes Études en Santé Publique [EHESP],France,,,Fei Gao,"15, avenue du Pr. Léon Bernard - 35043 Rennes Cedex"
https://data.archives-ouvertes.fr/author/11227611,https://data.archives-ouvertes.fr/document/hal-02963423v1,Modeling and stability analysis of multi-time scale DC microgrid,https://data.archives-ouvertes.fr/document/hal-02963423,2016-01-01,https://data.archives-ouvertes.fr/structure/866,"Franche-Comté Électronique Mécanique, Thermique et Optique - Sciences et Technologies (UMR 6174)",France,,,Fei Gao,32 avenue de l'Observatoire 25044 BESANCON CEDEX
https://data.archives-ouvertes.fr/author/11227611,https://data.archives-ouvertes.fr/document/hal-02380255v1,Analysis and Design of an Active Stabilizer for a Boost Power Converter System,https://data.archives-ouvertes.fr/document/hal-02380255,2016-01-01,https://data.archives-ouvertes.fr/structure/866,"Franche-Comté Électronique Mécanique, Thermique et Optique - Sciences et Technologies (UMR 6174)",France,,,Fei Gao,32 avenue de l'Observatoire 25044 BESANCON CEDEX
https://data.archives-ouvertes.fr/author/11227611,https://data.archives-ouvertes.fr/document/hal-02380271v1,Study of the modeling parameter effects on the polarization characteristics of the PEM fuel cell,https://data.archives-ouvertes.fr/document/hal-02380271,2016-01-01,https://data.archives-ouvertes.fr/structure/866,"Franche-Comté Électronique Mécanique, Thermique et Optique - Sciences et Technologies (UMR 6174)",France,,,Fei Gao,32 avenue de l'Observatoire 25044 BESANCON CEDEX
https://data.archives-ouvertes.fr/author/11227611,https://data.archives-ouvertes.fr/document/hal-02380282v1,Parameter Sensitivity Analysis for Fractional-Order Modeling of Lithium-Ion Batteries,https://data.archives-ouvertes.fr/document/hal-02380282,2016-01-01,https://data.archives-ouvertes.fr/structure/866,"Franche-Comté Électronique Mécanique, Thermique et Optique - Sciences et Technologies (UMR 6174)",France,,,Fei Gao,32 avenue de l'Observatoire 25044 BESANCON CEDEX
https://data.archives-ouvertes.fr/author/11227611,https://data.archives-ouvertes.fr/document/hal-02380283v1,Super-Twisting Differentiator-Based High Order Sliding Mode Voltage Control Design for DC-DC Buck Converters,https://data.archives-ouvertes.fr/document/hal-02380283,2016-01-01,https://data.archives-ouvertes.fr/structure/866,"Franche-Comté Électronique Mécanique, Thermique et Optique - Sciences et Technologies (UMR 6174)",France,,,Fei Gao,32 avenue de l'Observatoire 25044 BESANCON CEDEX
https://data.archives-ouvertes.fr/author/11227611,https://data.archives-ouvertes.fr/document/hal-02380309v1,Online Estimation of Lithium Polymer Batteries State-of-Charge Using Particle Filter-Based Data Fusion With Multimodels Approach,https://data.archives-ouvertes.fr/document/hal-02380309,2016-01-01,https://data.archives-ouvertes.fr/structure/866,"Franche-Comté Électronique Mécanique, Thermique et Optique - Sciences et Technologies (UMR 6174)",France,,,Fei Gao,32 avenue de l'Observatoire 25044 BESANCON CEDEX
https://data.archives-ouvertes.fr/author/11227611,https://data.archives-ouvertes.fr/document/hal-02380310v1,Soft-Switching Non-Isolated Current-Fed Inverter for PV/Fuel Cell Applications,https://data.archives-ouvertes.fr/document/hal-02380310,2016-01-01,https://data.archives-ouvertes.fr/structure/866,"Franche-Comté Électronique Mécanique, Thermique et Optique - Sciences et Technologies (UMR 6174)",France,,,Fei Gao,32 avenue de l'Observatoire 25044 BESANCON CEDEX
https://data.archives-ouvertes.fr/author/11227611,https://data.archives-ouvertes.fr/document/hal-02380311v1,Lithium Polymer Battery State-of-Charge Estimation Based on Adaptive Unscented Kalman Filter and Support Vector Machine,https://data.archives-ouvertes.fr/document/hal-02380311,2016-01-01,https://data.archives-ouvertes.fr/structure/866,"Franche-Comté Électronique Mécanique, Thermique et Optique - Sciences et Technologies (UMR 6174)",France,,,Fei Gao,32 avenue de l'Observatoire 25044 BESANCON CEDEX
https://data.archives-ouvertes.fr/author/11227611,https://data.archives-ouvertes.fr/document/hal-02380395v1,Nonlinear Performance Degradation Prediction of Proton Exchange Membrane Fuel Cells Using Relevance Vector Machine,https://data.archives-ouvertes.fr/document/hal-02380395,2016-01-01,https://data.archives-ouvertes.fr/structure/866,"Franche-Comté Électronique Mécanique, Thermique et Optique - Sciences et Technologies (UMR 6174)",France,,,Fei Gao,32 avenue de l'Observatoire 25044 BESANCON CEDEX
https://data.archives-ouvertes.fr/author/11227611,https://data.archives-ouvertes.fr/document/hal-02380398v1,A Modified Relevance Vector Machine for PEM Fuel-Cell Stack Aging Prediction,https://data.archives-ouvertes.fr/document/hal-02380398,2016-01-01,https://data.archives-ouvertes.fr/structure/866,"Franche-Comté Électronique Mécanique, Thermique et Optique - Sciences et Technologies (UMR 6174)",France,,,Fei Gao,32 avenue de l'Observatoire 25044 BESANCON CEDEX
https://data.archives-ouvertes.fr/author/11227611,https://data.archives-ouvertes.fr/document/hal-02380400v1,Dynamic phenomena coupling analysis and modeling of proton exchange membrane fuel cells,https://data.archives-ouvertes.fr/document/hal-02380400,2016-01-01,https://data.archives-ouvertes.fr/structure/866,"Franche-Comté Électronique Mécanique, Thermique et Optique - Sciences et Technologies (UMR 6174)",France,,,Fei Gao,32 avenue de l'Observatoire 25044 BESANCON CEDEX
https://data.archives-ouvertes.fr/author/11227611,https://data.archives-ouvertes.fr/document/hal-02380291v1,Dynamic variable coupling analysis and modeling of proton exchange membrane fuel cells for water and thermal management,https://data.archives-ouvertes.fr/document/hal-02380291,2016-03-20,https://data.archives-ouvertes.fr/structure/866,"Franche-Comté Électronique Mécanique, Thermique et Optique - Sciences et Technologies (UMR 6174)",France,,,Fei Gao,32 avenue de l'Observatoire 25044 BESANCON CEDEX
https://data.archives-ouvertes.fr/author/11227611,https://data.archives-ouvertes.fr/document/hal-02472649v1,Development of a multiphysical multidimensional modeling of proton exchange membrane fuel cell,https://data.archives-ouvertes.fr/document/hal-02472649,2016-06-27,https://data.archives-ouvertes.fr/structure/866,"Franche-Comté Électronique Mécanique, Thermique et Optique - Sciences et Technologies (UMR 6174)",France,,,Fei Gao,32 avenue de l'Observatoire 25044 BESANCON CEDEX
https://data.archives-ouvertes.fr/author/11227611,https://data.archives-ouvertes.fr/document/hal-02380290v1,Degradation Prediction of PEM Fuel Cell Stack Based on Multi-Physical Aging Model with Particle Filter Approach,https://data.archives-ouvertes.fr/document/hal-02380290,2016-10-02,https://data.archives-ouvertes.fr/structure/866,"Franche-Comté Électronique Mécanique, Thermique et Optique - Sciences et Technologies (UMR 6174)",France,,,Fei Gao,32 avenue de l'Observatoire 25044 BESANCON CEDEX
https://data.archives-ouvertes.fr/author/11227611,https://data.archives-ouvertes.fr/document/hal-02380307v1,FPGA based real-time simulation of high frequency soft-switching circuit using time-domain analysis,https://data.archives-ouvertes.fr/document/hal-02380307,2016-10-24,https://data.archives-ouvertes.fr/structure/866,"Franche-Comté Électronique Mécanique, Thermique et Optique - Sciences et Technologies (UMR 6174)",France,,,Fei Gao,32 avenue de l'Observatoire 25044 BESANCON CEDEX
https://data.archives-ouvertes.fr/author/11227611,https://data.archives-ouvertes.fr/document/hal-02130957v1,A fault-response approach for battery pack by reconfigurable topology using agents,https://data.archives-ouvertes.fr/document/hal-02130957,2016-11-06,https://data.archives-ouvertes.fr/structure/302222,"Institut de Recherche sur les Transports, l'Energie et la Société - IRTES",France,,,Fei Gao,
https://data.archives-ouvertes.fr/author/11227611,https://data.archives-ouvertes.fr/document/hal-02130993v1,A comparative study of extremum seeking methods applied to online energy management strategy of fuel cell hybrid electric vehicles,https://data.archives-ouvertes.fr/document/hal-02130993,2017-01-01,https://data.archives-ouvertes.fr/structure/866,"Franche-Comté Électronique Mécanique, Thermique et Optique - Sciences et Technologies (UMR 6174)",France,,,Fei Gao,32 avenue de l'Observatoire 25044 BESANCON CEDEX
https://data.archives-ouvertes.fr/author/11227611,https://data.archives-ouvertes.fr/document/hal-02130996v1,Autonomy and User Experience Enhancement Control of an Electrically Assisted Bicycle with Dual-wheel Drive,https://data.archives-ouvertes.fr/document/hal-02130996,2017-01-01,https://data.archives-ouvertes.fr/structure/866,"Franche-Comté Électronique Mécanique, Thermique et Optique - Sciences et Technologies (UMR 6174)",France,,,Fei Gao,32 avenue de l'Observatoire 25044 BESANCON CEDEX
https://data.archives-ouvertes.fr/author/11227611,https://data.archives-ouvertes.fr/document/hal-02130998v1,Degradation prediction of PEM fuel cell using a moving window based hybrid prognostic approach,https://data.archives-ouvertes.fr/document/hal-02130998,2017-01-01,https://data.archives-ouvertes.fr/structure/866,"Franche-Comté Électronique Mécanique, Thermique et Optique - Sciences et Technologies (UMR 6174)",France,,,Fei Gao,32 avenue de l'Observatoire 25044 BESANCON CEDEX
https://data.archives-ouvertes.fr/author/11227611,https://data.archives-ouvertes.fr/document/hal-02130999v1,Degradation Prediction of PEM Fuel Cell Stack Based on Multiphysical Aging Model With Particle Filter Approach,https://data.archives-ouvertes.fr/document/hal-02130999,2017-01-01,https://data.archives-ouvertes.fr/structure/866,"Franche-Comté Électronique Mécanique, Thermique et Optique - Sciences et Technologies (UMR 6174)",France,,,Fei Gao,32 avenue de l'Observatoire 25044 BESANCON CEDEX
https://data.archives-ouvertes.fr/author/11227611,https://data.archives-ouvertes.fr/document/hal-02131000v1,Distributed control of multi-time scale DC microgrid based on ADRC,https://data.archives-ouvertes.fr/document/hal-02131000,2017-01-01,https://data.archives-ouvertes.fr/structure/866,"Franche-Comté Électronique Mécanique, Thermique et Optique - Sciences et Technologies (UMR 6174)",France,,,Fei Gao,32 avenue de l'Observatoire 25044 BESANCON CEDEX
https://data.archives-ouvertes.fr/author/11227611,https://data.archives-ouvertes.fr/document/hal-02392707v1,Online energy management strategy of fuel cell hybrid electric vehicles based on data fusion approach,https://data.archives-ouvertes.fr/document/hal-02392707,2017-01-01,https://data.archives-ouvertes.fr/structure/866,"Franche-Comté Électronique Mécanique, Thermique et Optique - Sciences et Technologies (UMR 6174)",France,,,Fei Gao,32 avenue de l'Observatoire 25044 BESANCON CEDEX
https://data.archives-ouvertes.fr/author/11227611,https://data.archives-ouvertes.fr/document/hal-02392708v1,Parasitics Assisted Soft-switching and Secondary Modulated Snubberless Clamping Current-fed Bidirectional Voltage Doubler for Fuel Cell Vehicles,https://data.archives-ouvertes.fr/document/hal-02392708,2017-01-01,https://data.archives-ouvertes.fr/structure/866,"Franche-Comté Électronique Mécanique, Thermique et Optique - Sciences et Technologies (UMR 6174)",France,,,Fei Gao,32 avenue de l'Observatoire 25044 BESANCON CEDEX
https://data.archives-ouvertes.fr/author/11227611,https://data.archives-ouvertes.fr/document/hal-02300470v1,A data driven model for accurate SOC estimation in EVs,https://data.archives-ouvertes.fr/document/hal-02300470,2017-03-22,https://data.archives-ouvertes.fr/structure/866,"Franche-Comté Électronique Mécanique, Thermique et Optique - Sciences et Technologies (UMR 6174)",France,,,Fei Gao,32 avenue de l'Observatoire 25044 BESANCON CEDEX
https://data.archives-ouvertes.fr/author/11227611,https://data.archives-ouvertes.fr/document/hal-02392705v1,Online energy management strategy of fuel cell hybrid electric vehicles based on time series prediction,https://data.archives-ouvertes.fr/document/hal-02392705,2017-06-22,https://data.archives-ouvertes.fr/structure/866,"Franche-Comté Électronique Mécanique, Thermique et Optique - Sciences et Technologies (UMR 6174)",France,,,Fei Gao,32 avenue de l'Observatoire 25044 BESANCON CEDEX
https://data.archives-ouvertes.fr/author/11227611,https://data.archives-ouvertes.fr/document/hal-02131001v1,Power Quality Disturbances on Smart Grids: Overview and Grid Measurement Configurations,https://data.archives-ouvertes.fr/document/hal-02131001,2017-08-28,https://data.archives-ouvertes.fr/structure/866,"Franche-Comté Électronique Mécanique, Thermique et Optique - Sciences et Technologies (UMR 6174)",France,2019-05-16,,Fei Gao,32 avenue de l'Observatoire 25044 BESANCON CEDEX
https://data.archives-ouvertes.fr/author/11227611,https://data.archives-ouvertes.fr/document/hal-02300481v1,Development of a multi-physical 2-D model of PEM fuel cell for real-time control,https://data.archives-ouvertes.fr/document/hal-02300481,2017-10-01,https://data.archives-ouvertes.fr/structure/866,"Franche-Comté Électronique Mécanique, Thermique et Optique - Sciences et Technologies (UMR 6174)",France,,,Fei Gao,32 avenue de l'Observatoire 25044 BESANCON CEDEX
https://data.archives-ouvertes.fr/author/11227611,https://data.archives-ouvertes.fr/document/hal-02131012v1,Co-oxidation modeling for a syngas supplied micro tubular solid oxide fuel cell,https://data.archives-ouvertes.fr/document/hal-02131012,2017-10-03,https://data.archives-ouvertes.fr/structure/866,"Franche-Comté Électronique Mécanique, Thermique et Optique - Sciences et Technologies (UMR 6174)",France,,,Fei Gao,32 avenue de l'Observatoire 25044 BESANCON CEDEX
https://data.archives-ouvertes.fr/author/11227611,https://data.archives-ouvertes.fr/document/hal-01862682v1,Fault-tolerant consideration and active stabilization for floating interleaved boost converter system,https://data.archives-ouvertes.fr/document/hal-01862682,2017-10-29,https://data.archives-ouvertes.fr/structure/227671,Laboratoire Systèmes et Transports,France,,,Fei Gao,90010 Belfort cedex
https://data.archives-ouvertes.fr/author/11227611,https://data.archives-ouvertes.fr/document/hal-02392676v1,Fault-tolerant consideration and active stabilization for floating interleaved boost converter system,https://data.archives-ouvertes.fr/document/hal-02392676,2017-10-29,https://data.archives-ouvertes.fr/structure/866,"Franche-Comté Électronique Mécanique, Thermique et Optique - Sciences et Technologies (UMR 6174)",France,,,Fei Gao,32 avenue de l'Observatoire 25044 BESANCON CEDEX
https://data.archives-ouvertes.fr/author/11227611,https://data.archives-ouvertes.fr/document/hal-01858656v1,Global Parameters Sensitivity Analysis and Development of a Two-Dimensional Real-Time Model of Proton-Exchange-Membrane Fuel Cells,https://data.archives-ouvertes.fr/document/hal-01858656,2018-01-01,https://data.archives-ouvertes.fr/structure/866,"Franche-Comté Électronique Mécanique, Thermique et Optique - Sciences et Technologies (UMR 6174)",France,2018-08-21,,Fei Gao,32 avenue de l'Observatoire 25044 BESANCON CEDEX
https://data.archives-ouvertes.fr/author/11227611,https://data.archives-ouvertes.fr/document/hal-02299952v1,A System-Level FPGA-Based Hardware-in-the-Loop Test of High-Speed Train,https://data.archives-ouvertes.fr/document/hal-02299952,2018-01-01,https://data.archives-ouvertes.fr/structure/866,"Franche-Comté Électronique Mécanique, Thermique et Optique - Sciences et Technologies (UMR 6174)",France,,,Fei Gao,32 avenue de l'Observatoire 25044 BESANCON CEDEX
https://data.archives-ouvertes.fr/author/11227611,https://data.archives-ouvertes.fr/document/hal-02299953v1,Data-driven proton exchange membrane fuel cell degradation predication through deep learning method,https://data.archives-ouvertes.fr/document/hal-02299953,2018-01-01,https://data.archives-ouvertes.fr/structure/866,"Franche-Comté Électronique Mécanique, Thermique et Optique - Sciences et Technologies (UMR 6174)",France,,,Fei Gao,32 avenue de l'Observatoire 25044 BESANCON CEDEX
https://data.archives-ouvertes.fr/author/11227611,https://data.archives-ouvertes.fr/document/hal-02299954v1,Online remaining useful lifetime prediction of proton exchange membrane fuel cells using a novel robust methodology,https://data.archives-ouvertes.fr/document/hal-02299954,2018-01-01,https://data.archives-ouvertes.fr/structure/866,"Franche-Comté Électronique Mécanique, Thermique et Optique - Sciences et Technologies (UMR 6174)",France,,,Fei Gao,32 avenue de l'Observatoire 25044 BESANCON CEDEX
https://data.archives-ouvertes.fr/author/11227611,https://data.archives-ouvertes.fr/document/hal-02299964v1,Hybrid modeling of power electronic system for hardware-in-the-loop application,https://data.archives-ouvertes.fr/document/hal-02299964,2018-01-01,https://data.archives-ouvertes.fr/structure/866,"Franche-Comté Électronique Mécanique, Thermique et Optique - Sciences et Technologies (UMR 6174)",France,,,Fei Gao,32 avenue de l'Observatoire 25044 BESANCON CEDEX
https://data.archives-ouvertes.fr/author/11227611,https://data.archives-ouvertes.fr/document/hal-02867842v1,Numerical Stiffness Analysis for Solid Oxide Fuel Cell Real-Time Simulation Applications,https://data.archives-ouvertes.fr/document/hal-02867842,2018-01-01,https://data.archives-ouvertes.fr/structure/866,"Franche-Comté Électronique Mécanique, Thermique et Optique - Sciences et Technologies (UMR 6174)",France,,,Fei Gao,32 avenue de l'Observatoire 25044 BESANCON CEDEX
https://data.archives-ouvertes.fr/author/11227611,https://data.archives-ouvertes.fr/document/hal-02131036v1,Robust Voltage Control of Floating Interleaved Boost Converter for Fuel Cell Systems,https://data.archives-ouvertes.fr/document/hal-02131036,2018-01-01,https://data.archives-ouvertes.fr/structure/866,"Franche-Comté Électronique Mécanique, Thermique et Optique - Sciences et Technologies (UMR 6174)",France,,,Fei Gao,32 avenue de l'Observatoire 25044 BESANCON CEDEX
https://data.archives-ouvertes.fr/author/11227611,https://data.archives-ouvertes.fr/document/hal-02131039v1,Tridiagonal Matrix Algorithm for Real-Time Simulation of a 2-D PEM Fuel Cell Model,https://data.archives-ouvertes.fr/document/hal-02131039,2018-01-01,https://data.archives-ouvertes.fr/structure/866,"Franche-Comté Électronique Mécanique, Thermique et Optique - Sciences et Technologies (UMR 6174)",France,,,Fei Gao,32 avenue de l'Observatoire 25044 BESANCON CEDEX
https://data.archives-ouvertes.fr/author/11227611,https://data.archives-ouvertes.fr/document/hal-02131057v1,Stability Analysis and Active Stabilization of On-board DC Power Converter System with Input Filter,https://data.archives-ouvertes.fr/document/hal-02131057,2018-01-01,https://data.archives-ouvertes.fr/structure/866,"Franche-Comté Électronique Mécanique, Thermique et Optique - Sciences et Technologies (UMR 6174)",France,,,Fei Gao,32 avenue de l'Observatoire 25044 BESANCON CEDEX
https://data.archives-ouvertes.fr/author/11227611,https://data.archives-ouvertes.fr/document/hal-02131058v1,Numerical stiffness study of multi-physical solid oxide fuel cell model for real-time simulation applications,https://data.archives-ouvertes.fr/document/hal-02131058,2018-01-01,https://data.archives-ouvertes.fr/structure/866,"Franche-Comté Électronique Mécanique, Thermique et Optique - Sciences et Technologies (UMR 6174)",France,,,Fei Gao,32 avenue de l'Observatoire 25044 BESANCON CEDEX
https://data.archives-ouvertes.fr/author/11227611,https://data.archives-ouvertes.fr/document/hal-02131061v1,A new approach for FPGA-based real-time simulation of power electronic system with no simulation latency in subsystem partitioning,https://data.archives-ouvertes.fr/document/hal-02131061,2018-01-01,https://data.archives-ouvertes.fr/structure/866,"Franche-Comté Électronique Mécanique, Thermique et Optique - Sciences et Technologies (UMR 6174)",France,,,Fei Gao,32 avenue de l'Observatoire 25044 BESANCON CEDEX
https://data.archives-ouvertes.fr/author/11227611,https://data.archives-ouvertes.fr/document/hal-02131062v1,A Novel Battery State of Charge Estimation Method Based on a Super-Twisting Sliding Mode Observer,https://data.archives-ouvertes.fr/document/hal-02131062,2018-01-01,https://data.archives-ouvertes.fr/structure/866,"Franche-Comté Électronique Mécanique, Thermique et Optique - Sciences et Technologies (UMR 6174)",France,,,Fei Gao,32 avenue de l'Observatoire 25044 BESANCON CEDEX
https://data.archives-ouvertes.fr/author/11227611,https://data.archives-ouvertes.fr/document/hal-02131065v1,Co-oxidation Modeling for a Syngas Supplied Micro Tubular Solid Oxide Fuel Cell,https://data.archives-ouvertes.fr/document/hal-02131065,2018-01-01,https://data.archives-ouvertes.fr/structure/866,"Franche-Comté Électronique Mécanique, Thermique et Optique - Sciences et Technologies (UMR 6174)",France,,,Fei Gao,32 avenue de l'Observatoire 25044 BESANCON CEDEX
https://data.archives-ouvertes.fr/author/11227611,https://data.archives-ouvertes.fr/document/hal-02131070v1,Development of a Multi-physical 2-D model of PEM Fuel Cell for Real-Time Control,https://data.archives-ouvertes.fr/document/hal-02131070,2018-01-01,https://data.archives-ouvertes.fr/structure/866,"Franche-Comté Électronique Mécanique, Thermique et Optique - Sciences et Technologies (UMR 6174)",France,,,Fei Gao,32 avenue de l'Observatoire 25044 BESANCON CEDEX
https://data.archives-ouvertes.fr/author/11227611,https://data.archives-ouvertes.fr/document/hal-02131078v1,Global parameters sensitivity analysis and development of a two-dimensional real-time model of proton-exchange-membrane fuel cells,https://data.archives-ouvertes.fr/document/hal-02131078,2018-01-01,https://data.archives-ouvertes.fr/structure/866,"Franche-Comté Électronique Mécanique, Thermique et Optique - Sciences et Technologies (UMR 6174)",France,,,Fei Gao,32 avenue de l'Observatoire 25044 BESANCON CEDEX
https://data.archives-ouvertes.fr/author/11227611,https://data.archives-ouvertes.fr/document/hal-02131080v1,Online Energy Management Strategy of Fuel Cell Hybrid Electric Vehicles: A Fractional-Order Extremum Seeking Method,https://data.archives-ouvertes.fr/document/hal-02131080,2018-01-01,https://data.archives-ouvertes.fr/structure/866,"Franche-Comté Électronique Mécanique, Thermique et Optique - Sciences et Technologies (UMR 6174)",France,,,Fei Gao,32 avenue de l'Observatoire 25044 BESANCON CEDEX
https://data.archives-ouvertes.fr/author/11227611,https://data.archives-ouvertes.fr/document/hal-02131099v1,CPU-FPGA based real-time simulation of fuel cell electric vehicle,https://data.archives-ouvertes.fr/document/hal-02131099,2018-01-01,https://data.archives-ouvertes.fr/structure/866,"Franche-Comté Électronique Mécanique, Thermique et Optique - Sciences et Technologies (UMR 6174)",France,,,Fei Gao,32 avenue de l'Observatoire 25044 BESANCON CEDEX
https://data.archives-ouvertes.fr/author/11227611,https://data.archives-ouvertes.fr/document/hal-02376893v1,Multi-Dimensional Reversible Solid Oxide Fuel Cell Modeling for Embedded Applications,https://data.archives-ouvertes.fr/document/hal-02376893,2018-01-01,https://data.archives-ouvertes.fr/structure/866,"Franche-Comté Électronique Mécanique, Thermique et Optique - Sciences et Technologies (UMR 6174)",France,,,Fei Gao,32 avenue de l'Observatoire 25044 BESANCON CEDEX
https://data.archives-ouvertes.fr/author/11227611,https://data.archives-ouvertes.fr/document/hal-02366580v1,A multi-domain syngas solid oxide fuel cell model for transportation applications,https://data.archives-ouvertes.fr/document/hal-02366580,2018-01-31,https://data.archives-ouvertes.fr/structure/866,"Franche-Comté Électronique Mécanique, Thermique et Optique - Sciences et Technologies (UMR 6174)",France,,,Fei Gao,32 avenue de l'Observatoire 25044 BESANCON CEDEX
https://data.archives-ouvertes.fr/author/11227611,https://data.archives-ouvertes.fr/document/hal-02131035v1,Simulation en temps réel d'un véhicule électrique à pile  à combustible,https://data.archives-ouvertes.fr/document/hal-02131035,2018-05-23,https://data.archives-ouvertes.fr/structure/866,"Franche-Comté Électronique Mécanique, Thermique et Optique - Sciences et Technologies (UMR 6174)",France,,,Fei Gao,32 avenue de l'Observatoire 25044 BESANCON CEDEX
https://data.archives-ouvertes.fr/author/11227611,https://data.archives-ouvertes.fr/document/hal-02366587v1,Data-driven Prognostics for PEM Fuel Cell Degradation by Long Short-term Memory Network,https://data.archives-ouvertes.fr/document/hal-02366587,2018-06-13,https://data.archives-ouvertes.fr/structure/866,"Franche-Comté Électronique Mécanique, Thermique et Optique - Sciences et Technologies (UMR 6174)",France,,,Fei Gao,32 avenue de l'Observatoire 25044 BESANCON CEDEX
https://data.archives-ouvertes.fr/author/11227611,https://data.archives-ouvertes.fr/document/hal-02366588v1,FPGA-based Real-Time Simulation of Floating Interleaved Boost Converter for FCEV Powertrain,https://data.archives-ouvertes.fr/document/hal-02366588,2018-06-13,https://data.archives-ouvertes.fr/structure/866,"Franche-Comté Électronique Mécanique, Thermique et Optique - Sciences et Technologies (UMR 6174)",France,,,Fei Gao,32 avenue de l'Observatoire 25044 BESANCON CEDEX
https://data.archives-ouvertes.fr/author/11227611,https://data.archives-ouvertes.fr/document/hal-02300489v1,Measurement of Supraharmonic Emissions (2 - 150 kHz) in Real Grid Scenarios,https://data.archives-ouvertes.fr/document/hal-02300489,2018-07-08,https://data.archives-ouvertes.fr/structure/866,"Franche-Comté Électronique Mécanique, Thermique et Optique - Sciences et Technologies (UMR 6174)",France,,,Fei Gao,32 avenue de l'Observatoire 25044 BESANCON CEDEX
https://data.archives-ouvertes.fr/author/11227611,https://data.archives-ouvertes.fr/document/hal-02951368v1,Integration of the responses to iron availability fluctuations in Arabidopsis thaliana,https://data.archives-ouvertes.fr/document/hal-02951368,2018-07-09,https://data.archives-ouvertes.fr/structure/538,Biochimie et Physiologie Moléculaire des Plantes,France,,,Fei Gao,Bât. 7 - 2 place Pierre Viala - 34060 Montpellier cedex 2
https://data.archives-ouvertes.fr/author/11227611,https://data.archives-ouvertes.fr/document/hal-02951465v1,Dynamics of coumarin secretion by plant roots into the soil to improve iron nutrition,https://data.archives-ouvertes.fr/document/hal-02951465,2018-07-09,https://data.archives-ouvertes.fr/structure/538,Biochimie et Physiologie Moléculaire des Plantes,France,,,Fei Gao,Bât. 7 - 2 place Pierre Viala - 34060 Montpellier cedex 2
https://data.archives-ouvertes.fr/author/11227611,https://data.archives-ouvertes.fr/document/hal-02952262v1,Integration of the responses to iron availability fluctuations in Arabidopsis thaliana,https://data.archives-ouvertes.fr/document/hal-02952262,2018-07-09,https://data.archives-ouvertes.fr/structure/538,Biochimie et Physiologie Moléculaire des Plantes,France,,,Fei Gao,Bât. 7 - 2 place Pierre Viala - 34060 Montpellier cedex 2
https://data.archives-ouvertes.fr/author/11227611,https://data.archives-ouvertes.fr/document/hal-02952560v1,Dynamics of coumarin secretion by plant roots into the soil to improve iron nutrition,https://data.archives-ouvertes.fr/document/hal-02952560,2018-07-09,https://data.archives-ouvertes.fr/structure/538,Biochimie et Physiologie Moléculaire des Plantes,France,,,Fei Gao,Bât. 7 - 2 place Pierre Viala - 34060 Montpellier cedex 2
https://data.archives-ouvertes.fr/author/11227611,https://data.archives-ouvertes.fr/document/hal-01869863v1,Integration of the responses to iron availability fluctuations in arabidopsis,https://data.archives-ouvertes.fr/document/hal-01869863,2018-08-05,https://data.archives-ouvertes.fr/structure/538,Biochimie et Physiologie Moléculaire des Plantes,France,,,Fei Gao,Bât. 7 - 2 place Pierre Viala - 34060 Montpellier cedex 2
https://data.archives-ouvertes.fr/author/11227611,https://data.archives-ouvertes.fr/document/hal-01869899v1,Antagonistic effects of iron and sulfur deficiencies on arabidopsis plants,https://data.archives-ouvertes.fr/document/hal-01869899,2018-08-05,https://data.archives-ouvertes.fr/structure/538,Biochimie et Physiologie Moléculaire des Plantes,France,,,Fei Gao,Bât. 7 - 2 place Pierre Viala - 34060 Montpellier cedex 2
https://data.archives-ouvertes.fr/author/11227611,https://data.archives-ouvertes.fr/document/hal-02951279v1,Integration of the responses to iron availability fluctuations in Arabidopsis thaliana,https://data.archives-ouvertes.fr/document/hal-02951279,2018-08-05,https://data.archives-ouvertes.fr/structure/538,Biochimie et Physiologie Moléculaire des Plantes,France,,,Fei Gao,Bât. 7 - 2 place Pierre Viala - 34060 Montpellier cedex 2
https://data.archives-ouvertes.fr/author/11227611,https://data.archives-ouvertes.fr/document/hal-02951496v1,Antagonistic effets of iron and sulfur defciencies on Arabidopsis plants,https://data.archives-ouvertes.fr/document/hal-02951496,2018-08-05,https://data.archives-ouvertes.fr/structure/538,Biochimie et Physiologie Moléculaire des Plantes,France,,,Fei Gao,Bât. 7 - 2 place Pierre Viala - 34060 Montpellier cedex 2
https://data.archives-ouvertes.fr/author/11227611,https://data.archives-ouvertes.fr/document/hal-02370574v1,DC Microgrid Topologies and Stability Analysis for Electrified Transportation Systems,https://data.archives-ouvertes.fr/document/hal-02370574,2018-08-26,https://data.archives-ouvertes.fr/structure/866,"Franche-Comté Électronique Mécanique, Thermique et Optique - Sciences et Technologies (UMR 6174)",France,,,Fei Gao,32 avenue de l'Observatoire 25044 BESANCON CEDEX
https://data.archives-ouvertes.fr/author/11227611,https://data.archives-ouvertes.fr/document/hal-02366589v1,High-order Sliding Mode Control of DC-DC Converter for PEM Fuel Cell Applications,https://data.archives-ouvertes.fr/document/hal-02366589,2018-09-23,https://data.archives-ouvertes.fr/structure/866,"Franche-Comté Électronique Mécanique, Thermique et Optique - Sciences et Technologies (UMR 6174)",France,,,Fei Gao,32 avenue de l'Observatoire 25044 BESANCON CEDEX
https://data.archives-ouvertes.fr/author/11227611,https://data.archives-ouvertes.fr/document/hal-02370576v1,IDA-Passivity-Based Control for On-board DC Power Converter System with Constant Power Load,https://data.archives-ouvertes.fr/document/hal-02370576,2018-09-23,https://data.archives-ouvertes.fr/structure/866,"Franche-Comté Électronique Mécanique, Thermique et Optique - Sciences et Technologies (UMR 6174)",France,,,Fei Gao,32 avenue de l'Observatoire 25044 BESANCON CEDEX
https://data.archives-ouvertes.fr/author/11227611,https://data.archives-ouvertes.fr/document/hal-02370577v1,Flatness-based and Super-Twisting Controllers of Output Series Interleaved Boost Converter for Fuel Cell Applications,https://data.archives-ouvertes.fr/document/hal-02370577,2018-09-23,https://data.archives-ouvertes.fr/structure/866,"Franche-Comté Électronique Mécanique, Thermique et Optique - Sciences et Technologies (UMR 6174)",France,,,Fei Gao,32 avenue de l'Observatoire 25044 BESANCON CEDEX
https://data.archives-ouvertes.fr/author/11227611,https://data.archives-ouvertes.fr/document/hal-02495991v1,CPU-FPGA based real-time simulation of fuel cell electric vehicle,https://data.archives-ouvertes.fr/document/hal-02495991,2018-10-01,https://data.archives-ouvertes.fr/structure/866,"Franche-Comté Électronique Mécanique, Thermique et Optique - Sciences et Technologies (UMR 6174)",France,2020-04-21,,Fei Gao,32 avenue de l'Observatoire 25044 BESANCON CEDEX
https://data.archives-ouvertes.fr/author/11227611,https://data.archives-ouvertes.fr/document/hal-02495991v1,CPU-FPGA based real-time simulation of fuel cell electric vehicle,https://data.archives-ouvertes.fr/document/hal-02495991,2018-10-01,https://data.archives-ouvertes.fr/structure/496525,Fédération de recherche FCLAB,France,2020-04-21,,Fei Gao,
https://data.archives-ouvertes.fr/author/11227611,https://data.archives-ouvertes.fr/document/hal-02131067v1,Design and Control of a Floating Interleaved Boost DC-DC Converter for Fuel Cell Applications,https://data.archives-ouvertes.fr/document/hal-02131067,2018-10-21,https://data.archives-ouvertes.fr/structure/866,"Franche-Comté Électronique Mécanique, Thermique et Optique - Sciences et Technologies (UMR 6174)",France,,,Fei Gao,32 avenue de l'Observatoire 25044 BESANCON CEDEX
https://data.archives-ouvertes.fr/author/11227611,https://data.archives-ouvertes.fr/document/hal-02131093v1,Extended State Observer-Based Sliding-Mode Control for Floating Interleaved Boost Converters,https://data.archives-ouvertes.fr/document/hal-02131093,2018-10-21,https://data.archives-ouvertes.fr/structure/866,"Franche-Comté Électronique Mécanique, Thermique et Optique - Sciences et Technologies (UMR 6174)",France,,,Fei Gao,32 avenue de l'Observatoire 25044 BESANCON CEDEX
https://data.archives-ouvertes.fr/author/11227611,https://data.archives-ouvertes.fr/document/hal-02138791v1,Research on LC filter Cascaded with Buck Converter Supplying Constant Power Load Based on IDA-Passivity-Based Control,https://data.archives-ouvertes.fr/document/hal-02138791,2018-10-21,https://data.archives-ouvertes.fr/structure/866,"Franche-Comté Électronique Mécanique, Thermique et Optique - Sciences et Technologies (UMR 6174)",France,,,Fei Gao,32 avenue de l'Observatoire 25044 BESANCON CEDEX
https://data.archives-ouvertes.fr/author/11227611,https://data.archives-ouvertes.fr/document/hal-02366581v1,Evaluation and Optimization of a Floating Interleaved DC-DC Boost Converter under Switch Fault for Fuel Cell Applications,https://data.archives-ouvertes.fr/document/hal-02366581,2018-11-07,https://data.archives-ouvertes.fr/structure/866,"Franche-Comté Électronique Mécanique, Thermique et Optique - Sciences et Technologies (UMR 6174)",France,,,Fei Gao,32 avenue de l'Observatoire 25044 BESANCON CEDEX
https://data.archives-ouvertes.fr/author/11227611,https://data.archives-ouvertes.fr/document/hal-02370575v1,IDA-Passivity-Based Control for Boost Converter with LC Filter Supplying Constant Power Load,https://data.archives-ouvertes.fr/document/hal-02370575,2018-11-07,https://data.archives-ouvertes.fr/structure/866,"Franche-Comté Électronique Mécanique, Thermique et Optique - Sciences et Technologies (UMR 6174)",France,,,Fei Gao,32 avenue de l'Observatoire 25044 BESANCON CEDEX
https://data.archives-ouvertes.fr/author/11227611,https://data.archives-ouvertes.fr/document/hal-02952167v1,Control of iron homeostais in Arabidopsis thaliana,https://data.archives-ouvertes.fr/document/hal-02952167,2018-12-04,https://data.archives-ouvertes.fr/structure/538,Biochimie et Physiologie Moléculaire des Plantes,France,,,Fei Gao,Bât. 7 - 2 place Pierre Viala - 34060 Montpellier cedex 2
https://data.archives-ouvertes.fr/author/11227611,https://data.archives-ouvertes.fr/document/hal-02054483v1,The Transcriptional Control of Iron Homeostasis in Plants: A Tale of bHLH Transcription Factors?,https://data.archives-ouvertes.fr/document/hal-02054483,2019-01-01,https://data.archives-ouvertes.fr/structure/538,Biochimie et Physiologie Moléculaire des Plantes,France,2020-05-26,,Fei Gao,Bât. 7 - 2 place Pierre Viala - 34060 Montpellier cedex 2
https://data.archives-ouvertes.fr/author/11227611,https://data.archives-ouvertes.fr/document/hal-02414006v1,Transcriptional integration of the responses to iron availability in Arabidopsis by the bHLH factor ILR3,https://data.archives-ouvertes.fr/document/hal-02414006,2019-01-01,https://data.archives-ouvertes.fr/structure/300813,China Agricultural University,Chine,2020-12-10,,Fei Gao,"17 Tsinghua East Road, Beijing, 100083, P. R. China"
https://data.archives-ouvertes.fr/author/11227611,https://data.archives-ouvertes.fr/document/hal-02165362v1,Infectious complications of endoarterial interventional radiology: protocol for an observational study of a longitudinal national cohort of patients assessed in the French hospital discharge database (MOEVA study),https://data.archives-ouvertes.fr/document/hal-02165362,2019-01-01,https://data.archives-ouvertes.fr/structure/301986,École des Hautes Études en Santé Publique [EHESP],France,2019-06-25,,Fei Gao,"15, avenue du Pr. Léon Bernard - 35043 Rennes Cedex"
https://data.archives-ouvertes.fr/author/11227611,https://data.archives-ouvertes.fr/document/hal-02299956v1,An FPGA-Based IGBT Behavioral Model With High Transient Resolution for Real-Time Simulation of Power Electronic Circuits,https://data.archives-ouvertes.fr/document/hal-02299956,2019-01-01,https://data.archives-ouvertes.fr/structure/866,"Franche-Comté Électronique Mécanique, Thermique et Optique - Sciences et Technologies (UMR 6174)",France,,,Fei Gao,32 avenue de l'Observatoire 25044 BESANCON CEDEX
https://data.archives-ouvertes.fr/author/11227611,https://data.archives-ouvertes.fr/document/hal-02299958v1,A Robust Prognostic Indicator for Renewable Energy Technologies: A Novel Error Correction Grey Prediction Model,https://data.archives-ouvertes.fr/document/hal-02299958,2019-01-01,https://data.archives-ouvertes.fr/structure/866,"Franche-Comté Électronique Mécanique, Thermique et Optique - Sciences et Technologies (UMR 6174)",France,,,Fei Gao,32 avenue de l'Observatoire 25044 BESANCON CEDEX
https://data.archives-ouvertes.fr/author/11227611,https://data.archives-ouvertes.fr/document/hal-02299960v1,Data-Fusion Prognostics of Proton Exchange Membrane Fuel Cell Degradation,https://data.archives-ouvertes.fr/document/hal-02299960,2019-01-01,https://data.archives-ouvertes.fr/structure/866,"Franche-Comté Électronique Mécanique, Thermique et Optique - Sciences et Technologies (UMR 6174)",France,,,Fei Gao,32 avenue de l'Observatoire 25044 BESANCON CEDEX
https://data.archives-ouvertes.fr/author/11227611,https://data.archives-ouvertes.fr/document/hal-02299961v1,FPGA-Based Device-Level Electro-Thermal Modeling of Floating Interleaved Boost Converter for Fuel Cell Hardware-in-the-Loop Applications,https://data.archives-ouvertes.fr/document/hal-02299961,2019-01-01,https://data.archives-ouvertes.fr/structure/866,"Franche-Comté Électronique Mécanique, Thermique et Optique - Sciences et Technologies (UMR 6174)",France,,,Fei Gao,32 avenue de l'Observatoire 25044 BESANCON CEDEX
https://data.archives-ouvertes.fr/author/11227611,https://data.archives-ouvertes.fr/document/hal-02299962v1,FPGA-Based Real-Time Simulation of High-Power Electronic System With Nonlinear IGBT Characteristics,https://data.archives-ouvertes.fr/document/hal-02299962,2019-01-01,https://data.archives-ouvertes.fr/structure/866,"Franche-Comté Électronique Mécanique, Thermique et Optique - Sciences et Technologies (UMR 6174)",France,,,Fei Gao,32 avenue de l'Observatoire 25044 BESANCON CEDEX
https://data.archives-ouvertes.fr/author/11227611,https://data.archives-ouvertes.fr/document/hal-02867725v1,Robust Open-Circuit Fault Diagnosis of Multi-Phase Floating Interleaved DC-DC Boost Converter Based on Sliding Mode Observer,https://data.archives-ouvertes.fr/document/hal-02867725,2019-01-01,https://data.archives-ouvertes.fr/structure/866,"Franche-Comté Électronique Mécanique, Thermique et Optique - Sciences et Technologies (UMR 6174)",France,,,Fei Gao,32 avenue de l'Observatoire 25044 BESANCON CEDEX
https://data.archives-ouvertes.fr/author/11227611,https://data.archives-ouvertes.fr/document/hal-02867727v1,An Advanced Robust Noise Suppression Control of Bidirectional DC–DC Converter for Fuel Cell Electric Vehicle,https://data.archives-ouvertes.fr/document/hal-02867727,2019-01-01,https://data.archives-ouvertes.fr/structure/866,"Franche-Comté Électronique Mécanique, Thermique et Optique - Sciences et Technologies (UMR 6174)",France,,,Fei Gao,32 avenue de l'Observatoire 25044 BESANCON CEDEX
https://data.archives-ouvertes.fr/author/11227611,https://data.archives-ouvertes.fr/document/hal-02997502v1,Interconnection and Damping Assignment Passivity-Based Control Applied to On-Board DC–DC Power Converter System Supplying Constant Power Load,https://data.archives-ouvertes.fr/document/hal-02997502,2019-01-01,https://data.archives-ouvertes.fr/structure/866,"Franche-Comté Électronique Mécanique, Thermique et Optique - Sciences et Technologies (UMR 6174)",France,,,Fei Gao,32 avenue de l'Observatoire 25044 BESANCON CEDEX
https://data.archives-ouvertes.fr/author/11227611,https://data.archives-ouvertes.fr/document/hal-02388102v1,A Device-Level Transient Modeling Approach for the FPGA-based Real-Time Simulation of Power Converters,https://data.archives-ouvertes.fr/document/hal-02388102,2019-01-01,https://data.archives-ouvertes.fr/structure/866,"Franche-Comté Électronique Mécanique, Thermique et Optique - Sciences et Technologies (UMR 6174)",France,,,Fei Gao,32 avenue de l'Observatoire 25044 BESANCON CEDEX
https://data.archives-ouvertes.fr/author/11227611,https://data.archives-ouvertes.fr/document/hal-02472615v1,Advanced Robustness Control of DC-DC Converter for Proton Exchange Membrane Fuel Cell Applications,https://data.archives-ouvertes.fr/document/hal-02472615,2019-01-01,https://data.archives-ouvertes.fr/structure/866,"Franche-Comté Électronique Mécanique, Thermique et Optique - Sciences et Technologies (UMR 6174)",France,,,Fei Gao,32 avenue de l'Observatoire 25044 BESANCON CEDEX
https://data.archives-ouvertes.fr/author/11227611,https://data.archives-ouvertes.fr/document/hal-02472616v1,Active Disturbance Rejection Voltage Control of Floating Interleaved DC-DC Boost Converter with Switch Fault Consideration,https://data.archives-ouvertes.fr/document/hal-02472616,2019-01-01,https://data.archives-ouvertes.fr/structure/866,"Franche-Comté Électronique Mécanique, Thermique et Optique - Sciences et Technologies (UMR 6174)",France,,,Fei Gao,32 avenue de l'Observatoire 25044 BESANCON CEDEX
https://data.archives-ouvertes.fr/author/11227611,https://data.archives-ouvertes.fr/document/hal-02472617v1,A Network Analysis Modeling Method of the Power Electronic Converter for Hardware-in-the-loop Application,https://data.archives-ouvertes.fr/document/hal-02472617,2019-01-01,https://data.archives-ouvertes.fr/structure/866,"Franche-Comté Électronique Mécanique, Thermique et Optique - Sciences et Technologies (UMR 6174)",France,,,Fei Gao,32 avenue de l'Observatoire 25044 BESANCON CEDEX
https://data.archives-ouvertes.fr/author/11227611,https://data.archives-ouvertes.fr/document/hal-02472618v1,An Improved Floating Interleaved Boost Converter with the Zero-Ripple Input Current for Fuel Cell Applications,https://data.archives-ouvertes.fr/document/hal-02472618,2019-01-01,https://data.archives-ouvertes.fr/structure/866,"Franche-Comté Électronique Mécanique, Thermique et Optique - Sciences et Technologies (UMR 6174)",France,,,Fei Gao,32 avenue de l'Observatoire 25044 BESANCON CEDEX
https://data.archives-ouvertes.fr/author/11227611,https://data.archives-ouvertes.fr/document/hal-02472620v1,Extended State Observer based Flatness Control for Fuel Cell Output Series Interleaved Boost Converter,https://data.archives-ouvertes.fr/document/hal-02472620,2019-01-01,https://data.archives-ouvertes.fr/structure/866,"Franche-Comté Électronique Mécanique, Thermique et Optique - Sciences et Technologies (UMR 6174)",France,,,Fei Gao,32 avenue de l'Observatoire 25044 BESANCON CEDEX
https://data.archives-ouvertes.fr/author/11227611,https://data.archives-ouvertes.fr/document/hal-02472623v1,Parallel Implementation of the Auxiliary Power System Model of the Electric Locomotive for Hardware-in-the-loop Simulation,https://data.archives-ouvertes.fr/document/hal-02472623,2019-01-01,https://data.archives-ouvertes.fr/structure/866,"Franche-Comté Électronique Mécanique, Thermique et Optique - Sciences et Technologies (UMR 6174)",France,,,Fei Gao,32 avenue de l'Observatoire 25044 BESANCON CEDEX
https://data.archives-ouvertes.fr/author/11227611,https://data.archives-ouvertes.fr/document/hal-02472624v1,Device-level modelling and FPGA-based real-time simulation of the power electronic system in fuel cell electric vehicle,https://data.archives-ouvertes.fr/document/hal-02472624,2019-01-01,https://data.archives-ouvertes.fr/structure/866,"Franche-Comté Électronique Mécanique, Thermique et Optique - Sciences et Technologies (UMR 6174)",France,,,Fei Gao,32 avenue de l'Observatoire 25044 BESANCON CEDEX
https://data.archives-ouvertes.fr/author/11227611,https://data.archives-ouvertes.fr/document/hal-02472644v1,Robust adaptive flatness based control for non-ideal boost converter in fuel cell electric vehicles,https://data.archives-ouvertes.fr/document/hal-02472644,2019-02-13,https://data.archives-ouvertes.fr/structure/866,"Franche-Comté Électronique Mécanique, Thermique et Optique - Sciences et Technologies (UMR 6174)",France,,,Fei Gao,32 avenue de l'Observatoire 25044 BESANCON CEDEX
https://data.archives-ouvertes.fr/author/11227611,https://data.archives-ouvertes.fr/document/hal-02472647v1,Control of interleaved DC-DC boost converter based on extended state observer for fuel cell application,https://data.archives-ouvertes.fr/document/hal-02472647,2019-02-13,https://data.archives-ouvertes.fr/structure/866,"Franche-Comté Électronique Mécanique, Thermique et Optique - Sciences et Technologies (UMR 6174)",France,,,Fei Gao,32 avenue de l'Observatoire 25044 BESANCON CEDEX
https://data.archives-ouvertes.fr/author/11227611,https://data.archives-ouvertes.fr/document/hal-02862397v1,DESIGN OF VERSATILE WAVEFORM PLATFORM FOR SUPRAHARMONIC TESTING AND CALIBRATION,https://data.archives-ouvertes.fr/document/hal-02862397,2019-06-03,https://data.archives-ouvertes.fr/structure/866,"Franche-Comté Électronique Mécanique, Thermique et Optique - Sciences et Technologies (UMR 6174)",France,2020-06-09,,Fei Gao,32 avenue de l'Observatoire 25044 BESANCON CEDEX
https://data.archives-ouvertes.fr/author/11227611,https://data.archives-ouvertes.fr/document/hal-02867765v1,Design of versatile waveform platform for supraharmonic testing and calibration,https://data.archives-ouvertes.fr/document/hal-02867765,2019-06-03,https://data.archives-ouvertes.fr/structure/866,"Franche-Comté Électronique Mécanique, Thermique et Optique - Sciences et Technologies (UMR 6174)",France,2020-06-15,,Fei Gao,32 avenue de l'Observatoire 25044 BESANCON CEDEX
https://data.archives-ouvertes.fr/author/11227611,https://data.archives-ouvertes.fr/document/hal-02366594v1,Real-Time Modeling and Simulation of Electric Vehicle Battery Charger on FPGA,https://data.archives-ouvertes.fr/document/hal-02366594,2019-06-12,https://data.archives-ouvertes.fr/structure/866,"Franche-Comté Électronique Mécanique, Thermique et Optique - Sciences et Technologies (UMR 6174)",France,,,Fei Gao,32 avenue de l'Observatoire 25044 BESANCON CEDEX
https://data.archives-ouvertes.fr/author/11227611,https://data.archives-ouvertes.fr/document/hal-02279994v1,SP678 Study of the Pre-dialysis Care Trajectory of End-Stage Renal Disease Patients Starting Dialysis in Emergency in France,https://data.archives-ouvertes.fr/document/hal-02279994,2019-06-15,https://data.archives-ouvertes.fr/structure/866,"Franche-Comté Électronique Mécanique, Thermique et Optique - Sciences et Technologies (UMR 6174)",France,,,Fei Gao,32 avenue de l'Observatoire 25044 BESANCON CEDEX
https://data.archives-ouvertes.fr/author/11227611,https://data.archives-ouvertes.fr/document/hal-02279994v1,SP678 Study of the Pre-dialysis Care Trajectory of End-Stage Renal Disease Patients Starting Dialysis in Emergency in France,https://data.archives-ouvertes.fr/document/hal-02279994,2019-06-15,https://data.archives-ouvertes.fr/structure/301986,École des Hautes Études en Santé Publique [EHESP],France,,,Fei Gao,"15, avenue du Pr. Léon Bernard - 35043 Rennes Cedex"
https://data.archives-ouvertes.fr/author/11227611,https://data.archives-ouvertes.fr/document/hal-02366748v1,High-Order ESO-Based Voltage Control for High-Gain DC-DC Floating Interleaved Boost Converter with Time-Varying Disturbance,https://data.archives-ouvertes.fr/document/hal-02366748,2019-06-19,https://data.archives-ouvertes.fr/structure/866,"Franche-Comté Électronique Mécanique, Thermique et Optique - Sciences et Technologies (UMR 6174)",France,,,Fei Gao,32 avenue de l'Observatoire 25044 BESANCON CEDEX
https://data.archives-ouvertes.fr/author/11227611,https://data.archives-ouvertes.fr/document/hal-02366749v1,Implementation of an FPGA-based Real-Time Emulator for the Rapid Validation of Power Electronics System in Fuel Cell Electric Vehicle,https://data.archives-ouvertes.fr/document/hal-02366749,2019-06-19,https://data.archives-ouvertes.fr/structure/866,"Franche-Comté Électronique Mécanique, Thermique et Optique - Sciences et Technologies (UMR 6174)",France,,,Fei Gao,32 avenue de l'Observatoire 25044 BESANCON CEDEX
https://data.archives-ouvertes.fr/author/11227611,https://data.archives-ouvertes.fr/document/hal-02376884v1,Instability of Grid Connected Converter Under Weak AC Grid Conditions,https://data.archives-ouvertes.fr/document/hal-02376884,2019-06-19,https://data.archives-ouvertes.fr/structure/866,"Franche-Comté Électronique Mécanique, Thermique et Optique - Sciences et Technologies (UMR 6174)",France,,,Fei Gao,32 avenue de l'Observatoire 25044 BESANCON CEDEX
https://data.archives-ouvertes.fr/author/11227611,https://data.archives-ouvertes.fr/document/hal-02951139v1,Dynamics of coumarin secretion by plant roots into the soil to improve iron nutrition,https://data.archives-ouvertes.fr/document/hal-02951139,2019-07-16,https://data.archives-ouvertes.fr/structure/538,Biochimie et Physiologie Moléculaire des Plantes,France,,,Fei Gao,Bât. 7 - 2 place Pierre Viala - 34060 Montpellier cedex 2
https://data.archives-ouvertes.fr/author/11227611,https://data.archives-ouvertes.fr/document/hal-02951175v1,The ILR3 interacting protein IPI1 is a master regulator of iron homeostasis in Arabidopsis thaliana,https://data.archives-ouvertes.fr/document/hal-02951175,2019-07-16,https://data.archives-ouvertes.fr/structure/578355,Biochimie et Physiologie Moléculaire des Plantes,France,,,Fei Gao,Bât. 7 - 2 place Pierre Viala - 34060 Montpellier cedex 2
https://data.archives-ouvertes.fr/author/11227611,https://data.archives-ouvertes.fr/document/hal-02952065v1,Integration of the responses to iron availability fluctuations in plants,https://data.archives-ouvertes.fr/document/hal-02952065,2019-07-16,https://data.archives-ouvertes.fr/structure/538,Biochimie et Physiologie Moléculaire des Plantes,France,,,Fei Gao,Bât. 7 - 2 place Pierre Viala - 34060 Montpellier cedex 2
https://data.archives-ouvertes.fr/author/11227611,https://data.archives-ouvertes.fr/document/hal-02386165v1,Tuning the Bi 3+ -photoemission color over the entire visible region by manipulating secondary cations modulation in the ScV x P 1−x O 4 :Bi 3+ (0 ≤ x ≤ 1) solid solution,https://data.archives-ouvertes.fr/document/hal-02386165,2019-08-15,https://data.archives-ouvertes.fr/structure/575153,"Department of Physics, Department of Micro- and Nanotechnology, Technical University of Denmark (DTU)",Danemark,,,Fei Gao,
https://data.archives-ouvertes.fr/author/11227611,https://data.archives-ouvertes.fr/document/hal-02338666v1,Interconnection and Damping Assignment Passivity-Based Control Applied to On-Board DC-DC Power Converter System Supplying Constant Power Load,https://data.archives-ouvertes.fr/document/hal-02338666,2019-08-28,https://data.archives-ouvertes.fr/structure/866,"Franche-Comté Électronique Mécanique, Thermique et Optique - Sciences et Technologies (UMR 6174)",France,,,Fei Gao,32 avenue de l'Observatoire 25044 BESANCON CEDEX
https://data.archives-ouvertes.fr/author/11227611,https://data.archives-ouvertes.fr/document/hal-02863270v1,Measurement and Analysis of Supraharmonic Emissions in Smart Grids,https://data.archives-ouvertes.fr/document/hal-02863270,2019-09-03,https://data.archives-ouvertes.fr/structure/866,"Franche-Comté Électronique Mécanique, Thermique et Optique - Sciences et Technologies (UMR 6174)",France,2020-06-10,,Fei Gao,32 avenue de l'Observatoire 25044 BESANCON CEDEX
https://data.archives-ouvertes.fr/author/11227611,https://data.archives-ouvertes.fr/document/hal-02867787v1,Measurement and Analysis of Supraharmonic Emissions in Smart Grids,https://data.archives-ouvertes.fr/document/hal-02867787,2019-09-03,https://data.archives-ouvertes.fr/structure/866,"Franche-Comté Électronique Mécanique, Thermique et Optique - Sciences et Technologies (UMR 6174)",France,,,Fei Gao,32 avenue de l'Observatoire 25044 BESANCON CEDEX
https://data.archives-ouvertes.fr/author/11227611,https://data.archives-ouvertes.fr/document/hal-02410072v1,Improving the Stability of Cascaded DC-DC Converter Systems via the Viewpoints of Passivity-Based Control and Port-Controlled Hamiltonian Framework,https://data.archives-ouvertes.fr/document/hal-02410072,2019-09-29,https://data.archives-ouvertes.fr/structure/866,"Franche-Comté Électronique Mécanique, Thermique et Optique - Sciences et Technologies (UMR 6174)",France,,,Fei Gao,32 avenue de l'Observatoire 25044 BESANCON CEDEX
https://data.archives-ouvertes.fr/author/11227611,https://data.archives-ouvertes.fr/document/hal-02472635v1,Observer-Based Robust Switch Open-Circuit Fault Diagnosis of DC-DC Converter for Fuel Cell Application,https://data.archives-ouvertes.fr/document/hal-02472635,2019-09-29,https://data.archives-ouvertes.fr/structure/866,"Franche-Comté Électronique Mécanique, Thermique et Optique - Sciences et Technologies (UMR 6174)",France,,,Fei Gao,32 avenue de l'Observatoire 25044 BESANCON CEDEX
https://data.archives-ouvertes.fr/author/11227611,https://data.archives-ouvertes.fr/document/hal-02472636v1,Improving the Stability of Cascaded DC-DC Converter Systems via the Viewpoints of Passivity-Based Control and Port-Controlled Hamiltonian Framework,https://data.archives-ouvertes.fr/document/hal-02472636,2019-09-29,https://data.archives-ouvertes.fr/structure/866,"Franche-Comté Électronique Mécanique, Thermique et Optique - Sciences et Technologies (UMR 6174)",France,,,Fei Gao,32 avenue de l'Observatoire 25044 BESANCON CEDEX
https://data.archives-ouvertes.fr/author/11227611,https://data.archives-ouvertes.fr/document/hal-02414856v1,Towards Stabilization of Constant Power Loads Using IDA-PBC for Cascaded LC filter DC/DC Converters,https://data.archives-ouvertes.fr/document/hal-02414856,2019-10-03,https://data.archives-ouvertes.fr/structure/866,"Franche-Comté Électronique Mécanique, Thermique et Optique - Sciences et Technologies (UMR 6174)",France,,,Fei Gao,32 avenue de l'Observatoire 25044 BESANCON CEDEX
https://data.archives-ouvertes.fr/author/11227611,https://data.archives-ouvertes.fr/document/hal-02472634v1,Challenges of the Remaining Useful Life Prediction for Proton Exchange Membrane Fuel Cells,https://data.archives-ouvertes.fr/document/hal-02472634,2019-10-14,https://data.archives-ouvertes.fr/structure/866,"Franche-Comté Électronique Mécanique, Thermique et Optique - Sciences et Technologies (UMR 6174)",France,,,Fei Gao,32 avenue de l'Observatoire 25044 BESANCON CEDEX
https://data.archives-ouvertes.fr/author/11227611,https://data.archives-ouvertes.fr/document/hal-02456151v1,Three-dimensional biventricular strains in pulmonary arterial hypertension patients using hyperelastic warping,https://data.archives-ouvertes.fr/document/hal-02456151,2020-01-01,https://data.archives-ouvertes.fr/structure/418501,National Heart Centre Singapore,Singapour,2020-01-29,,Fei Gao,"5 Hospital Drive, Singapour 169609"
https://data.archives-ouvertes.fr/author/11227611,https://data.archives-ouvertes.fr/document/hal-02401673v1,The Transcription Factor bHLH121 Interacts with bHLH105 (ILR3) and its Closest Homologs to Regulate Iron Homeostasis in Arabidopsis,https://data.archives-ouvertes.fr/document/hal-02401673,2020-01-01,https://data.archives-ouvertes.fr/structure/300813,China Agricultural University,Chine,2020-12-10,,Fei Gao,"17 Tsinghua East Road, Beijing, 100083, P. R. China"
https://data.archives-ouvertes.fr/author/11227611,https://data.archives-ouvertes.fr/document/hal-02993868v1,Extended State Observer-Based Control of DC-DC Converters for Fuel Cell Application,https://data.archives-ouvertes.fr/document/hal-02993868,2020-01-01,https://data.archives-ouvertes.fr/structure/866,"Franche-Comté Électronique Mécanique, Thermique et Optique - Sciences et Technologies (UMR 6174)",France,,,Fei Gao,32 avenue de l'Observatoire 25044 BESANCON CEDEX
https://data.archives-ouvertes.fr/author/11227611,https://data.archives-ouvertes.fr/document/hal-02993869v1,Enhanced Robust Control of a DC-DC Converter for Fuel Cell Application Based on High-Order Extended State Observer,https://data.archives-ouvertes.fr/document/hal-02993869,2020-01-01,https://data.archives-ouvertes.fr/structure/866,"Franche-Comté Électronique Mécanique, Thermique et Optique - Sciences et Technologies (UMR 6174)",France,,,Fei Gao,32 avenue de l'Observatoire 25044 BESANCON CEDEX
https://data.archives-ouvertes.fr/author/11227611,https://data.archives-ouvertes.fr/document/hal-02993874v1,Artificial neural network aided real-time simulation of electric traction system,https://data.archives-ouvertes.fr/document/hal-02993874,2020-01-01,https://data.archives-ouvertes.fr/structure/866,"Franche-Comté Électronique Mécanique, Thermique et Optique - Sciences et Technologies (UMR 6174)",France,,,Fei Gao,32 avenue de l'Observatoire 25044 BESANCON CEDEX
https://data.archives-ouvertes.fr/author/11227611,https://data.archives-ouvertes.fr/document/hal-02993885v1,"Mechanical properties, thermal stability and oxidation resistance of HfC/a-C:H films deposited by HiPIMS",https://data.archives-ouvertes.fr/document/hal-02993885,2020-01-01,https://data.archives-ouvertes.fr/structure/866,"Franche-Comté Électronique Mécanique, Thermique et Optique - Sciences et Technologies (UMR 6174)",France,,,Fei Gao,32 avenue de l'Observatoire 25044 BESANCON CEDEX
https://data.archives-ouvertes.fr/author/11227611,https://data.archives-ouvertes.fr/document/hal-02993886v1,Remaining useful life prediction of PEMFC systems based on the multi-input echo state network,https://data.archives-ouvertes.fr/document/hal-02993886,2020-01-01,https://data.archives-ouvertes.fr/structure/866,"Franche-Comté Électronique Mécanique, Thermique et Optique - Sciences et Technologies (UMR 6174)",France,,,Fei Gao,32 avenue de l'Observatoire 25044 BESANCON CEDEX
https://data.archives-ouvertes.fr/author/11227611,https://data.archives-ouvertes.fr/document/hal-02993890v1,Current Ripple Optimization of Four-Phase Floating Interleaved DC-DC Boost Converter under Switch Fault,https://data.archives-ouvertes.fr/document/hal-02993890,2020-01-01,https://data.archives-ouvertes.fr/structure/866,"Franche-Comté Électronique Mécanique, Thermique et Optique - Sciences et Technologies (UMR 6174)",France,,,Fei Gao,32 avenue de l'Observatoire 25044 BESANCON CEDEX
https://data.archives-ouvertes.fr/author/11227611,https://data.archives-ouvertes.fr/document/hal-02993898v1,A Novel Deep Belief Network and Extreme Learning Machine Based Performance Degradation Prediction Method for Proton Exchange Membrane Fuel Cell,https://data.archives-ouvertes.fr/document/hal-02993898,2020-01-01,https://data.archives-ouvertes.fr/structure/866,"Franche-Comté Électronique Mécanique, Thermique et Optique - Sciences et Technologies (UMR 6174)",France,,,Fei Gao,32 avenue de l'Observatoire 25044 BESANCON CEDEX
https://data.archives-ouvertes.fr/author/11227611,https://data.archives-ouvertes.fr/document/hal-02993900v1,An Observer-Based Switch Open-Circuit Fault Diagnosis of DC–DC Converter for Fuel Cell Application,https://data.archives-ouvertes.fr/document/hal-02993900,2020-01-01,https://data.archives-ouvertes.fr/structure/866,"Franche-Comté Électronique Mécanique, Thermique et Optique - Sciences et Technologies (UMR 6174)",France,,,Fei Gao,32 avenue de l'Observatoire 25044 BESANCON CEDEX
https://data.archives-ouvertes.fr/author/11227611,https://data.archives-ouvertes.fr/document/hal-02993902v1,Real-Time Simulation of Power Electronic Systems Based on Predictive Behavior,https://data.archives-ouvertes.fr/document/hal-02993902,2020-01-01,https://data.archives-ouvertes.fr/structure/866,"Franche-Comté Électronique Mécanique, Thermique et Optique - Sciences et Technologies (UMR 6174)",France,,,Fei Gao,32 avenue de l'Observatoire 25044 BESANCON CEDEX
https://data.archives-ouvertes.fr/author/11227611,https://data.archives-ouvertes.fr/document/hal-03020538v1,A Power Allocation Method for Multi-stack PEMFC System Considering Fuel Cell Performance Consistency,https://data.archives-ouvertes.fr/document/hal-03020538,2020-01-01,https://data.archives-ouvertes.fr/structure/866,"Franche-Comté Électronique Mécanique, Thermique et Optique - Sciences et Technologies (UMR 6174)",France,,,Fei Gao,32 avenue de l'Observatoire 25044 BESANCON CEDEX
https://data.archives-ouvertes.fr/author/11227611,https://data.archives-ouvertes.fr/document/hal-03020539v1,A novel PEM fuel cell remaining useful life prediction method based on singular spectrum analysis and deep Gaussian processes,https://data.archives-ouvertes.fr/document/hal-03020539,2020-01-01,https://data.archives-ouvertes.fr/structure/866,"Franche-Comté Électronique Mécanique, Thermique et Optique - Sciences et Technologies (UMR 6174)",France,,,Fei Gao,32 avenue de l'Observatoire 25044 BESANCON CEDEX
https://data.archives-ouvertes.fr/author/11227611,https://data.archives-ouvertes.fr/document/tel-03033790v1,"Three Essays on Marketing Interventions to Influence Consumer Judgments, Choices, and Behaviors",https://data.archives-ouvertes.fr/document/tel-03033790,2020-05-06,https://data.archives-ouvertes.fr/structure/1738,Groupement de Recherche et d'Etudes en Gestion à HEC,France,2020-12-01,,Fei Gao,"1, avenue de la Libération 78351 JOUY EN JOSAS CEDEX"
https://data.archives-ouvertes.fr/author/11227611,https://data.archives-ouvertes.fr/document/tel-03033790v1,"Trois essais sur les interventions marketing pour influencer les jugements, les choix et les comportements des consommateurs",https://data.archives-ouvertes.fr/document/tel-03033790,2020-05-06,https://data.archives-ouvertes.fr/structure/1738,Groupement de Recherche et d'Etudes en Gestion à HEC,France,2020-12-01,,Fei Gao,"1, avenue de la Libération 78351 JOUY EN JOSAS CEDEX"
https://data.archives-ouvertes.fr/author/11227611,https://data.archives-ouvertes.fr/document/hal-02993910v1,Traceable Measurements of Harmonic (2 – 150 kHz) Emissions in Smart Grids,https://data.archives-ouvertes.fr/document/hal-02993910,2020-06-22,https://data.archives-ouvertes.fr/structure/866,"Franche-Comté Électronique Mécanique, Thermique et Optique - Sciences et Technologies (UMR 6174)",France,,,Fei Gao,32 avenue de l'Observatoire 25044 BESANCON CEDEX
